-- MySQL dump 10.13  Distrib 8.0.26, for Win64 (x86_64)
--
-- Host: i10c202.p.ssafy.io    Database: easysign
-- ------------------------------------------------------
-- Server version	8.3.0

/*!40101 SET @OLD_CHARACTER_SET_CLIENT=@@CHARACTER_SET_CLIENT */;
/*!40101 SET @OLD_CHARACTER_SET_RESULTS=@@CHARACTER_SET_RESULTS */;
/*!40101 SET @OLD_COLLATION_CONNECTION=@@COLLATION_CONNECTION */;
/*!50503 SET NAMES utf8 */;
/*!40103 SET @OLD_TIME_ZONE=@@TIME_ZONE */;
/*!40103 SET TIME_ZONE='+00:00' */;
/*!40014 SET @OLD_UNIQUE_CHECKS=@@UNIQUE_CHECKS, UNIQUE_CHECKS=0 */;
/*!40014 SET @OLD_FOREIGN_KEY_CHECKS=@@FOREIGN_KEY_CHECKS, FOREIGN_KEY_CHECKS=0 */;
/*!40101 SET @OLD_SQL_MODE=@@SQL_MODE, SQL_MODE='NO_AUTO_VALUE_ON_ZERO' */;
/*!40111 SET @OLD_SQL_NOTES=@@SQL_NOTES, SQL_NOTES=0 */;

--
-- Table structure for table `book_mark`
--

DROP TABLE IF EXISTS `book_mark`;
/*!40101 SET @saved_cs_client     = @@character_set_client */;
/*!50503 SET character_set_client = utf8mb4 */;
CREATE TABLE `book_mark` (
  `user_id` bigint NOT NULL,
  `sign_id` bigint NOT NULL,
  PRIMARY KEY (`sign_id`,`user_id`),
  KEY `FKtg5yr81hxe59aiaotkf76qd4v` (`user_id`),
  CONSTRAINT `FKl24by2ln3raxu2mvweo5li965` FOREIGN KEY (`sign_id`) REFERENCES `sign_info` (`sign_id`),
  CONSTRAINT `FKtg5yr81hxe59aiaotkf76qd4v` FOREIGN KEY (`user_id`) REFERENCES `user` (`user_id`)
) ENGINE=InnoDB DEFAULT CHARSET=utf8mb4 COLLATE=utf8mb4_0900_ai_ci;
/*!40101 SET character_set_client = @saved_cs_client */;

--
-- Dumping data for table `book_mark`
--

LOCK TABLES `book_mark` WRITE;
/*!40000 ALTER TABLE `book_mark` DISABLE KEYS */;
INSERT INTO `book_mark` VALUES (1,1),(1,2),(1,5);
/*!40000 ALTER TABLE `book_mark` ENABLE KEYS */;
UNLOCK TABLES;

--
-- Table structure for table `game_room`
--

DROP TABLE IF EXISTS `game_room`;
/*!40101 SET @saved_cs_client     = @@character_set_client */;
/*!50503 SET character_set_client = utf8mb4 */;
CREATE TABLE `game_room` (
  `game_id` bigint NOT NULL AUTO_INCREMENT,
  `current_user_cnt` int NOT NULL DEFAULT '0',
  `invite_code` varchar(255) DEFAULT NULL,
  `is_public` tinyint(1) DEFAULT '1',
  PRIMARY KEY (`game_id`)
) ENGINE=InnoDB DEFAULT CHARSET=utf8mb4 COLLATE=utf8mb4_0900_ai_ci;
/*!40101 SET character_set_client = @saved_cs_client */;

--
-- Dumping data for table `game_room`
--

LOCK TABLES `game_room` WRITE;
/*!40000 ALTER TABLE `game_room` DISABLE KEYS */;
/*!40000 ALTER TABLE `game_room` ENABLE KEYS */;
UNLOCK TABLES;

--
-- Table structure for table `sign_category`
--

DROP TABLE IF EXISTS `sign_category`;
/*!40101 SET @saved_cs_client     = @@character_set_client */;
/*!50503 SET character_set_client = utf8mb4 */;
CREATE TABLE `sign_category` (
  `category_id` bigint NOT NULL AUTO_INCREMENT,
  `add_sticker` int NOT NULL,
  `category_name` varchar(255) DEFAULT NULL,
  `gubun` enum('jihwa','word','sentence') DEFAULT NULL,
  PRIMARY KEY (`category_id`)
) ENGINE=InnoDB AUTO_INCREMENT=8 DEFAULT CHARSET=utf8mb4 COLLATE=utf8mb4_0900_ai_ci;
/*!40101 SET character_set_client = @saved_cs_client */;

--
-- Dumping data for table `sign_category`
--

LOCK TABLES `sign_category` WRITE;
/*!40000 ALTER TABLE `sign_category` DISABLE KEYS */;
INSERT INTO `sign_category` VALUES (1,3,'자음','jihwa'),(2,3,'모음','jihwa'),(3,3,'숫자','jihwa'),(4,8,'사물','word'),(5,8,'과일','word'),(6,8,'동물','word'),(7,15,'인사','sentence');
/*!40000 ALTER TABLE `sign_category` ENABLE KEYS */;
UNLOCK TABLES;

--
-- Table structure for table `sign_info`
--

DROP TABLE IF EXISTS `sign_info`;
/*!40101 SET @saved_cs_client     = @@character_set_client */;
/*!50503 SET character_set_client = utf8mb4 */;
CREATE TABLE `sign_info` (
  `sign_id` bigint NOT NULL AUTO_INCREMENT,
  `category_id` bigint DEFAULT NULL,
  `content` varchar(255) DEFAULT NULL,
  `gubun` enum('jihwa','word','sentence') NOT NULL,
  `image_path` varchar(255) NOT NULL,
  `video_path` varchar(255) DEFAULT NULL,
  PRIMARY KEY (`sign_id`),
  UNIQUE KEY `UK_3y7g18i3p64g745skxnhecg60` (`content`),
  KEY `FK2nlxvijf7sl3hoe3s845q7tvy` (`category_id`),
  CONSTRAINT `FK2nlxvijf7sl3hoe3s845q7tvy` FOREIGN KEY (`category_id`) REFERENCES `sign_category` (`category_id`)
) ENGINE=InnoDB AUTO_INCREMENT=74 DEFAULT CHARSET=utf8mb4 COLLATE=utf8mb4_0900_ai_ci;
/*!40101 SET character_set_client = @saved_cs_client */;

--
-- Dumping data for table `sign_info`
--

LOCK TABLES `sign_info` WRITE;
/*!40000 ALTER TABLE `sign_info` DISABLE KEYS */;
INSERT INTO `sign_info` VALUES (1,1,'ㄱ','jihwa','https://ssafy-easysignbucket.s3.ap-northeast-2.amazonaws.com/jihwa/jaum/%E3%84%B1.png',NULL),(2,1,'ㄴ','jihwa','https://ssafy-easysignbucket.s3.ap-northeast-2.amazonaws.com/jihwa/jaum/%E3%84%B4.png',NULL),(3,1,'ㄷ','jihwa','https://ssafy-easysignbucket.s3.ap-northeast-2.amazonaws.com/jihwa/jaum/%E3%84%B7.png',NULL),(4,1,'ㄹ','jihwa','https://ssafy-easysignbucket.s3.ap-northeast-2.amazonaws.com/jihwa/jaum/%E3%84%B9.png',NULL),(5,1,'ㅁ','jihwa','https://ssafy-easysignbucket.s3.ap-northeast-2.amazonaws.com/jihwa/jaum/%E3%85%81.png',NULL),(6,1,'ㅂ','jihwa','https://ssafy-easysignbucket.s3.ap-northeast-2.amazonaws.com/jihwa/jaum/%E3%85%82.png',NULL),(7,1,'ㅅ','jihwa','https://ssafy-easysignbucket.s3.ap-northeast-2.amazonaws.com/jihwa/jaum/%E3%85%85.png',NULL),(8,1,'ㅇ','jihwa','https://ssafy-easysignbucket.s3.ap-northeast-2.amazonaws.com/jihwa/jaum/%E3%85%87.png',NULL),(9,1,'ㅈ','jihwa','https://ssafy-easysignbucket.s3.ap-northeast-2.amazonaws.com/jihwa/jaum/%E3%85%88.png',NULL),(10,1,'ㅊ','jihwa','https://ssafy-easysignbucket.s3.ap-northeast-2.amazonaws.com/jihwa/jaum/%E3%85%8A.png',NULL),(11,1,'ㅋ','jihwa','https://ssafy-easysignbucket.s3.ap-northeast-2.amazonaws.com/jihwa/jaum/%E3%85%8B.png',NULL),(12,1,'ㅌ','jihwa','https://ssafy-easysignbucket.s3.ap-northeast-2.amazonaws.com/jihwa/jaum/%E3%85%8C.png',NULL),(13,1,'ㅍ','jihwa','https://ssafy-easysignbucket.s3.ap-northeast-2.amazonaws.com/jihwa/jaum/%E3%85%8D.png',NULL),(14,1,'ㅎ','jihwa','https://ssafy-easysignbucket.s3.ap-northeast-2.amazonaws.com/jihwa/jaum/%E3%85%8E.png',NULL),(15,2,'ㅏ','jihwa','https://ssafy-easysignbucket.s3.ap-northeast-2.amazonaws.com/jihwa/moum/%E3%85%8F.png',NULL),(16,2,'ㅑ','jihwa','https://ssafy-easysignbucket.s3.ap-northeast-2.amazonaws.com/jihwa/moum/%E3%85%91.png',NULL),(17,2,'ㅓ','jihwa','https://ssafy-easysignbucket.s3.ap-northeast-2.amazonaws.com/jihwa/moum/%E3%85%93.png',NULL),(18,2,'ㅕ','jihwa','https://ssafy-easysignbucket.s3.ap-northeast-2.amazonaws.com/jihwa/moum/%E3%85%95.png',NULL),(19,2,'ㅗ','jihwa','https://ssafy-easysignbucket.s3.ap-northeast-2.amazonaws.com/jihwa/moum/%E3%85%97.png',NULL),(20,2,'ㅛ','jihwa','https://ssafy-easysignbucket.s3.ap-northeast-2.amazonaws.com/jihwa/moum/%E3%85%9B.png',NULL),(21,2,'ㅜ','jihwa','https://ssafy-easysignbucket.s3.ap-northeast-2.amazonaws.com/jihwa/moum/%E3%85%9C.png',NULL),(22,2,'ㅠ','jihwa','https://ssafy-easysignbucket.s3.ap-northeast-2.amazonaws.com/jihwa/moum/%E3%85%A0.png',NULL),(23,2,'ㅡ','jihwa','https://ssafy-easysignbucket.s3.ap-northeast-2.amazonaws.com/jihwa/moum/%E3%85%A1.png',NULL),(24,2,'ㅣ','jihwa','https://ssafy-easysignbucket.s3.ap-northeast-2.amazonaws.com/jihwa/moum/%E3%85%A3.png',NULL),(25,2,'ㅐ','jihwa','https://ssafy-easysignbucket.s3.ap-northeast-2.amazonaws.com/jihwa/moum/%E3%85%90.png',NULL),(26,2,'ㅒ','jihwa','https://ssafy-easysignbucket.s3.ap-northeast-2.amazonaws.com/jihwa/moum/%E3%85%92.png',NULL),(27,2,'ㅔ','jihwa','https://ssafy-easysignbucket.s3.ap-northeast-2.amazonaws.com/jihwa/moum/%E3%85%94.png',NULL),(28,2,'ㅖ','jihwa','https://ssafy-easysignbucket.s3.ap-northeast-2.amazonaws.com/jihwa/moum/%E3%85%96.png',NULL),(29,2,'ㅚ','jihwa','https://ssafy-easysignbucket.s3.ap-northeast-2.amazonaws.com/jihwa/moum/%E3%85%9A.png',NULL),(30,2,'ㅟ','jihwa','https://ssafy-easysignbucket.s3.ap-northeast-2.amazonaws.com/jihwa/moum/%E3%85%9F.png',NULL),(31,2,'ㅢ','jihwa','https://ssafy-easysignbucket.s3.ap-northeast-2.amazonaws.com/jihwa/moum/%E3%85%A2.png',NULL),(32,3,'0','jihwa','https://ssafy-easysignbucket.s3.ap-northeast-2.amazonaws.com/jihwa/number/0.png',NULL),(33,3,'1','jihwa','https://ssafy-easysignbucket.s3.ap-northeast-2.amazonaws.com/jihwa/number/1.png',NULL),(34,3,'2','jihwa','https://ssafy-easysignbucket.s3.ap-northeast-2.amazonaws.com/jihwa/number/2.png',NULL),(35,3,'3','jihwa','https://ssafy-easysignbucket.s3.ap-northeast-2.amazonaws.com/jihwa/number/3.png',NULL),(36,3,'4','jihwa','https://ssafy-easysignbucket.s3.ap-northeast-2.amazonaws.com/jihwa/number/4.png',NULL),(37,3,'5','jihwa','https://ssafy-easysignbucket.s3.ap-northeast-2.amazonaws.com/jihwa/number/5.png',NULL),(38,3,'6','jihwa','https://ssafy-easysignbucket.s3.ap-northeast-2.amazonaws.com/jihwa/number/6.png',NULL),(39,3,'7','jihwa','https://ssafy-easysignbucket.s3.ap-northeast-2.amazonaws.com/jihwa/number/7.png',NULL),(40,3,'8','jihwa','https://ssafy-easysignbucket.s3.ap-northeast-2.amazonaws.com/jihwa/number/8.png',NULL),(41,3,'9','jihwa','https://ssafy-easysignbucket.s3.ap-northeast-2.amazonaws.com/jihwa/number/9.png',NULL),(42,4,'자전거','word','','https://ssafy-easysignbucket.s3.ap-northeast-2.amazonaws.com/word/%EC%82%AC%EB%AC%BC/%EC%9E%90%EC%A0%84%EA%B1%B0.webm'),(43,4,'탁자','word','','https://ssafy-easysignbucket.s3.ap-northeast-2.amazonaws.com/word/%EC%82%AC%EB%AC%BC/%ED%83%81%EC%9E%90.webm'),(44,4,'컴퓨터','word','','https://ssafy-easysignbucket.s3.ap-northeast-2.amazonaws.com/word/%EC%82%AC%EB%AC%BC/%EC%BB%B4%ED%93%A8%ED%84%B0.webm'),(45,4,'우산','word','','https://ssafy-easysignbucket.s3.ap-northeast-2.amazonaws.com/word/%EC%82%AC%EB%AC%BC/%EC%9A%B0%EC%82%B0.webm'),(46,4,'숲','word','','https://ssafy-easysignbucket.s3.ap-northeast-2.amazonaws.com/word/%EC%82%AC%EB%AC%BC/%EC%88%B2.webm'),(47,4,'시계','word','','https://ssafy-easysignbucket.s3.ap-northeast-2.amazonaws.com/word/%EC%82%AC%EB%AC%BC/%EC%8B%9C%EA%B3%84.webm'),(48,4,'텔레비전','word','','https://ssafy-easysignbucket.s3.ap-northeast-2.amazonaws.com/word/%EC%82%AC%EB%AC%BC/%ED%85%94%EB%A0%88%EB%B9%84%EC%A0%84.webm'),(49,4,'책','word','','https://ssafy-easysignbucket.s3.ap-northeast-2.amazonaws.com/word/%EC%82%AC%EB%AC%BC/%EC%B1%85.webm'),(50,4,'연필','word','','https://ssafy-easysignbucket.s3.ap-northeast-2.amazonaws.com/word/%EC%82%AC%EB%AC%BC/%EC%97%B0%ED%95%84.webm'),(51,4,'지우개','word','','https://ssafy-easysignbucket.s3.ap-northeast-2.amazonaws.com/word/%EC%82%AC%EB%AC%BC/%EC%A7%80%EC%9A%B0%EA%B0%9C.webm'),(53,5,'바나나','word','','https://ssafy-easysignbucket.s3.ap-northeast-2.amazonaws.com/word/%EA%B3%BC%EC%9D%BC/%EB%B0%94%EB%82%98%EB%82%98.webm'),(54,5,'사과','word','','https://ssafy-easysignbucket.s3.ap-northeast-2.amazonaws.com/word/%EA%B3%BC%EC%9D%BC/%EC%82%AC%EA%B3%BC.webm'),(55,5,'포도','word','','https://ssafy-easysignbucket.s3.ap-northeast-2.amazonaws.com/word/%EA%B3%BC%EC%9D%BC/%ED%8F%AC%EB%8F%84.webm'),(56,5,'수박','word','','https://ssafy-easysignbucket.s3.ap-northeast-2.amazonaws.com/word/%EA%B3%BC%EC%9D%BC/%EC%88%98%EB%B0%95.webm'),(57,5,'레몬','word','','https://ssafy-easysignbucket.s3.ap-northeast-2.amazonaws.com/word/%EA%B3%BC%EC%9D%BC/%EB%A0%88%EB%AA%AC.webm'),(58,5,'감','word','','https://ssafy-easysignbucket.s3.ap-northeast-2.amazonaws.com/word/%EA%B3%BC%EC%9D%BC/%EA%B0%90.webm'),(59,5,'호두','word','','https://ssafy-easysignbucket.s3.ap-northeast-2.amazonaws.com/word/%EA%B3%BC%EC%9D%BC/%ED%98%B8%EB%91%90.webm'),(60,6,'강아지','word','','https://ssafy-easysignbucket.s3.ap-northeast-2.amazonaws.com/word/%EB%8F%99%EB%AC%BC/%EA%B0%95%EC%95%84%EC%A7%80.webm'),(61,6,'고양이','word','','https://ssafy-easysignbucket.s3.ap-northeast-2.amazonaws.com/word/%EB%8F%99%EB%AC%BC/%EA%B3%A0%EC%96%91%EC%9D%B4.webm'),(65,6,'코끼리','word','','https://ssafy-easysignbucket.s3.ap-northeast-2.amazonaws.com/word/%EB%8F%99%EB%AC%BC/%EC%BD%94%EB%81%BC%EB%A6%AC.webm'),(66,6,'사자','word','','https://ssafy-easysignbucket.s3.ap-northeast-2.amazonaws.com/word/%EB%8F%99%EB%AC%BC/%EC%82%AC%EC%9E%90.webm'),(69,6,'소','word','','https://ssafy-easysignbucket.s3.ap-northeast-2.amazonaws.com/word/%EB%8F%99%EB%AC%BC/%EC%86%8C.webm'),(70,7,'안녕하세요','sentence','','https://ssafy-easysignbucket.s3.ap-northeast-2.amazonaws.com/word/%EB%8F%99%EB%AC%BC/%EC%86%8C.webm'),(71,7,'안녕하가세요','sentence','','https://ssafy-easysignbucket.s3.ap-northeast-2.amazonaws.com/word/%EB%8F%99%EB%AC%BC/%EC%9B%90%EC%88%AD%EC%9D%B4.webm'),(72,7,'오랜만입니다.','sentence','','https://ssafy-easysignbucket.s3.ap-northeast-2.amazonaws.com/word/%EB%8F%99%EB%AC%BC/%ED%98%B8%EB%9E%91%EC%9D%B4.webm'),(73,7,'밥 드셨어요?','sentence','','https://ssafy-easysignbucket.s3.ap-northeast-2.amazonaws.com/word/%EB%8F%99%EB%AC%BC/%EC%82%AC%EC%9E%90.webm');
/*!40000 ALTER TABLE `sign_info` ENABLE KEYS */;
UNLOCK TABLES;

--
-- Table structure for table `sticker_log`
--

DROP TABLE IF EXISTS `sticker_log`;
/*!40101 SET @saved_cs_client     = @@character_set_client */;
/*!50503 SET character_set_client = utf8mb4 */;
CREATE TABLE `sticker_log` (
  `log_id` bigint NOT NULL AUTO_INCREMENT,
  `occur_date` datetime(6) NOT NULL,
  `sticker_count_after` int NOT NULL,
  `sticker_count_before` int NOT NULL,
  `user_id` bigint DEFAULT NULL,
  PRIMARY KEY (`log_id`),
  KEY `FKfdx9natvvottj4ctj1d9j9ovh` (`user_id`),
  CONSTRAINT `FKfdx9natvvottj4ctj1d9j9ovh` FOREIGN KEY (`user_id`) REFERENCES `user` (`user_id`)
) ENGINE=InnoDB AUTO_INCREMENT=1022 DEFAULT CHARSET=utf8mb4 COLLATE=utf8mb4_0900_ai_ci;
/*!40101 SET character_set_client = @saved_cs_client */;

--
-- Dumping data for table `sticker_log`
--

LOCK TABLES `sticker_log` WRITE;
/*!40000 ALTER TABLE `sticker_log` DISABLE KEYS */;
INSERT INTO `sticker_log` VALUES (1,'2024-02-12 17:47:06.322000',3,0,1),(2,'2024-02-12 17:47:06.337000',3,0,1),(3,'2024-02-12 17:48:42.054000',6,3,1),(4,'2024-02-12 17:48:42.064000',6,3,1),(5,'2024-02-12 17:49:05.079000',9,6,1),(6,'2024-02-12 17:49:05.097000',9,6,1),(7,'2024-02-12 17:49:17.261000',12,9,1),(8,'2024-02-12 17:49:17.270000',12,9,1),(9,'2024-02-12 17:49:22.981000',15,12,1),(10,'2024-02-12 17:49:22.997000',15,12,1),(11,'2024-02-12 17:50:10.518000',18,15,1),(12,'2024-02-12 17:50:10.534000',18,15,1),(13,'2024-02-12 17:50:17.043000',21,18,1),(14,'2024-02-12 17:50:17.060000',21,18,1),(15,'2024-02-12 17:50:24.030000',24,21,1),(16,'2024-02-12 17:50:24.046000',24,21,1),(17,'2024-02-12 17:52:17.715000',27,24,1),(18,'2024-02-12 17:52:17.724000',27,24,1),(19,'2024-02-12 17:52:32.342000',30,27,1),(20,'2024-02-12 17:52:32.358000',30,27,1),(21,'2024-02-12 17:52:38.657000',33,30,1),(22,'2024-02-12 17:52:38.673000',33,30,1),(23,'2024-02-12 17:52:45.969000',36,33,1),(24,'2024-02-12 17:52:45.977000',36,33,1),(25,'2024-02-12 17:53:28.465000',39,36,1),(26,'2024-02-12 17:53:28.483000',39,36,1),(27,'2024-02-12 17:53:38.812000',42,39,1),(28,'2024-02-12 17:53:38.827000',42,39,1),(29,'2024-02-12 17:53:44.992000',45,42,1),(30,'2024-02-12 17:53:45.009000',45,42,1),(31,'2024-02-12 17:53:52.315000',48,45,1),(32,'2024-02-12 17:53:52.330000',48,45,1),(33,'2024-02-12 17:53:53.230000',51,48,1),(34,'2024-02-12 17:53:53.239000',51,48,1),(35,'2024-02-12 17:53:54.287000',54,51,1),(36,'2024-02-12 17:53:54.296000',54,51,1),(37,'2024-02-12 17:54:21.021000',57,54,1),(38,'2024-02-12 17:54:21.031000',57,54,1),(39,'2024-02-12 18:16:31.293000',60,57,1),(40,'2024-02-12 18:16:31.301000',60,57,1),(41,'2024-02-12 18:16:56.327000',63,60,1),(42,'2024-02-12 18:16:56.341000',63,60,1),(43,'2024-02-12 18:17:04.215000',66,63,1),(44,'2024-02-12 18:17:04.230000',69,66,1),(45,'2024-02-12 18:24:24.393000',72,69,1),(46,'2024-02-12 18:24:24.402000',72,69,1),(47,'2024-02-12 18:24:33.548000',75,72,1),(48,'2024-02-12 18:24:33.556000',75,72,1),(49,'2024-02-12 18:25:12.119000',78,75,1),(50,'2024-02-12 18:25:12.137000',78,75,1),(51,'2024-02-12 18:25:19.715000',81,78,1),(52,'2024-02-12 18:25:19.726000',81,78,1),(53,'2024-02-12 18:25:31.023000',84,81,1),(54,'2024-02-12 18:25:31.030000',84,81,1),(55,'2024-02-12 18:26:18.535000',87,84,1),(56,'2024-02-12 18:26:18.581000',90,87,1),(57,'2024-02-12 18:27:19.836000',93,90,1),(58,'2024-02-12 18:27:19.849000',93,90,1),(59,'2024-02-12 18:27:22.165000',96,93,1),(60,'2024-02-12 18:27:22.174000',96,93,1),(61,'2024-02-12 18:27:24.181000',99,96,1),(62,'2024-02-12 18:27:24.190000',99,96,1),(63,'2024-02-12 18:27:31.202000',102,99,1),(64,'2024-02-12 18:27:31.216000',102,99,1),(65,'2024-02-12 18:27:33.202000',105,102,1),(66,'2024-02-12 18:27:33.211000',105,102,1),(67,'2024-02-12 18:32:23.535000',108,105,1),(68,'2024-02-12 18:32:23.546000',108,105,1),(69,'2024-02-12 18:39:32.241000',111,108,1),(70,'2024-02-12 18:39:32.256000',111,108,1),(71,'2024-02-12 18:39:42.637000',114,111,1),(72,'2024-02-12 18:39:42.657000',114,111,1),(73,'2024-02-12 18:40:23.581000',117,114,1),(74,'2024-02-12 18:40:23.596000',117,114,1),(75,'2024-02-12 18:40:56.604000',120,117,1),(76,'2024-02-12 18:40:56.623000',120,117,1),(77,'2024-02-12 18:41:08.696000',123,120,1),(78,'2024-02-12 18:41:08.709000',123,120,1),(79,'2024-02-12 18:41:10.696000',126,123,1),(80,'2024-02-12 18:41:10.703000',126,123,1),(81,'2024-02-12 18:41:21.035000',129,126,1),(82,'2024-02-12 18:41:21.046000',129,126,1),(83,'2024-02-12 18:41:22.697000',132,129,1),(84,'2024-02-12 18:41:22.706000',132,129,1),(85,'2024-02-12 18:41:24.678000',135,132,1),(86,'2024-02-12 18:41:24.687000',135,132,1),(87,'2024-02-12 18:41:34.189000',138,135,1),(88,'2024-02-12 18:41:34.198000',138,135,1),(89,'2024-02-12 18:41:36.260000',141,138,1),(90,'2024-02-12 18:41:36.269000',141,138,1),(91,'2024-02-12 18:42:26.904000',144,141,1),(92,'2024-02-12 18:42:26.913000',144,141,1),(93,'2024-02-12 18:42:28.699000',147,144,1),(94,'2024-02-12 18:42:28.709000',147,144,1),(95,'2024-02-12 18:42:28.938000',150,147,1),(96,'2024-02-12 18:42:28.961000',153,150,1),(97,'2024-02-12 18:49:42.459000',156,153,1),(98,'2024-02-12 18:49:42.474000',156,153,1),(99,'2024-02-12 18:53:27.065000',159,156,1),(100,'2024-02-12 18:53:27.097000',162,159,1),(101,'2024-02-12 18:53:34.398000',165,162,1),(102,'2024-02-12 18:53:34.405000',165,162,1),(103,'2024-02-12 18:54:00.535000',168,165,1),(104,'2024-02-12 18:54:00.542000',168,165,1),(105,'2024-02-12 18:54:06.539000',171,168,1),(106,'2024-02-12 18:54:06.548000',171,168,1),(107,'2024-02-12 18:54:13.211000',174,171,1),(108,'2024-02-12 18:54:13.220000',174,171,1),(109,'2024-02-12 18:55:29.636000',177,174,1),(110,'2024-02-12 18:55:29.678000',180,177,1),(111,'2024-02-12 18:57:27.223000',183,180,1),(112,'2024-02-12 18:57:27.235000',183,180,1),(113,'2024-02-12 18:57:33.953000',186,183,1),(114,'2024-02-12 18:57:33.966000',186,183,1),(115,'2024-02-12 18:57:40.172000',189,186,1),(116,'2024-02-12 18:57:40.192000',189,186,1),(117,'2024-02-12 18:58:10.105000',192,189,1),(118,'2024-02-12 18:58:10.112000',192,189,1),(119,'2024-02-12 18:58:16.247000',195,192,1),(120,'2024-02-12 18:58:16.257000',195,192,1),(121,'2024-02-12 18:58:21.571000',198,195,1),(122,'2024-02-12 18:58:21.589000',198,195,1),(123,'2024-02-12 18:58:26.416000',201,198,1),(124,'2024-02-12 18:58:26.423000',201,198,1),(125,'2024-02-12 18:58:31.461000',204,201,1),(126,'2024-02-12 18:58:31.474000',204,201,1),(127,'2024-02-12 18:58:40.189000',207,204,1),(128,'2024-02-12 18:58:40.204000',207,204,1),(129,'2024-02-12 18:59:09.731000',210,207,1),(130,'2024-02-12 18:59:09.749000',210,207,1),(131,'2024-02-12 19:00:23.864000',213,210,1),(132,'2024-02-12 19:00:23.885000',213,210,1),(133,'2024-02-12 19:00:30.567000',216,213,1),(134,'2024-02-12 19:00:30.585000',216,213,1),(135,'2024-02-12 19:00:32.095000',219,216,1),(136,'2024-02-12 19:00:32.101000',219,216,1),(137,'2024-02-12 19:23:42.214000',222,219,1),(138,'2024-02-12 19:23:42.223000',222,219,1),(139,'2024-02-12 19:23:52.182000',225,222,1),(140,'2024-02-12 19:23:52.189000',225,222,1),(141,'2024-02-12 19:46:22.549000',228,225,1),(142,'2024-02-12 19:46:22.556000',228,225,1),(143,'2024-02-12 19:46:53.584000',231,228,1),(144,'2024-02-12 19:46:53.595000',231,228,1),(145,'2024-02-12 19:47:25.651000',234,231,1),(146,'2024-02-12 19:47:25.661000',234,231,1),(147,'2024-02-12 19:47:33.019000',237,234,1),(148,'2024-02-12 19:47:33.028000',237,234,1),(149,'2024-02-12 19:47:38.390000',240,237,1),(150,'2024-02-12 19:47:38.397000',240,237,1),(151,'2024-02-12 19:47:43.457000',243,240,1),(152,'2024-02-12 19:47:43.467000',243,240,1),(153,'2024-02-12 19:47:48.414000',246,243,1),(154,'2024-02-12 19:47:48.422000',246,243,1),(155,'2024-02-12 19:47:53.141000',249,246,1),(156,'2024-02-12 19:47:53.155000',249,246,1),(157,'2024-02-12 19:47:58.090000',252,249,1),(158,'2024-02-12 19:47:58.096000',252,249,1),(159,'2024-02-12 19:48:04.822000',255,252,1),(160,'2024-02-12 19:48:04.831000',255,252,1),(161,'2024-02-12 19:49:27.427000',258,255,1),(162,'2024-02-12 19:49:27.436000',258,255,1),(163,'2024-02-12 19:49:32.889000',261,258,1),(164,'2024-02-12 19:49:32.896000',261,258,1),(165,'2024-02-12 19:49:38.380000',264,261,1),(166,'2024-02-12 19:49:38.388000',264,261,1),(167,'2024-02-12 19:49:40.060000',267,264,1),(168,'2024-02-12 19:49:40.094000',267,264,1),(169,'2024-02-12 19:50:00.233000',270,267,1),(170,'2024-02-12 19:50:00.242000',270,267,1),(171,'2024-02-12 19:50:06.410000',273,270,1),(172,'2024-02-12 19:50:06.417000',273,270,1),(173,'2024-02-12 19:50:11.011000',276,273,1),(174,'2024-02-12 19:50:11.019000',276,273,1),(175,'2024-02-12 19:50:16.711000',279,276,1),(176,'2024-02-12 19:50:16.719000',279,276,1),(177,'2024-02-12 19:50:20.956000',282,279,1),(178,'2024-02-12 19:50:20.963000',282,279,1),(179,'2024-02-12 19:50:50.099000',285,282,1),(180,'2024-02-12 19:50:50.110000',285,282,1),(181,'2024-02-12 19:50:54.577000',288,285,1),(182,'2024-02-12 19:50:54.586000',288,285,1),(183,'2024-02-12 19:51:24.232000',291,288,1),(184,'2024-02-12 19:51:24.239000',291,288,1),(185,'2024-02-12 19:51:30.661000',294,291,1),(186,'2024-02-12 19:51:30.668000',294,291,1),(187,'2024-02-12 20:24:54.081000',394,294,1),(188,'2024-02-12 20:24:54.092000',394,294,1),(189,'2024-02-12 20:24:59.404000',494,394,1),(190,'2024-02-12 20:24:59.413000',494,394,1),(191,'2024-02-12 20:25:40.166000',594,494,1),(192,'2024-02-12 20:25:40.177000',594,494,1),(193,'2024-02-12 20:25:59.846000',694,594,1),(194,'2024-02-12 20:25:59.853000',694,594,1),(195,'2024-02-12 20:26:08.182000',794,694,1),(196,'2024-02-12 20:26:08.189000',794,694,1),(197,'2024-02-12 20:27:13.327000',894,794,1),(198,'2024-02-12 20:27:13.335000',894,794,1),(199,'2024-02-12 20:27:31.873000',994,894,1),(200,'2024-02-12 20:27:31.879000',994,894,1),(201,'2024-02-12 20:27:50.715000',1094,994,1),(202,'2024-02-12 20:27:50.721000',1094,994,1),(203,'2024-02-12 20:28:36.781000',1194,1094,1),(204,'2024-02-12 20:28:36.807000',1194,1094,1),(205,'2024-02-12 20:28:54.107000',1294,1194,1),(206,'2024-02-12 20:28:54.113000',1294,1194,1),(207,'2024-02-12 20:28:59.335000',1394,1294,1),(208,'2024-02-12 20:28:59.341000',1394,1294,1),(209,'2024-02-12 20:29:52.924000',1494,1394,1),(210,'2024-02-12 20:29:52.932000',1494,1394,1),(211,'2024-02-12 20:30:15.131000',1594,1494,1),(212,'2024-02-12 20:30:15.182000',1694,1594,1),(213,'2024-02-12 20:30:48.242000',1794,1694,1),(214,'2024-02-12 20:30:48.249000',1794,1694,1),(215,'2024-02-12 20:31:02.065000',1894,1794,1),(216,'2024-02-12 20:31:02.076000',1994,1894,1),(217,'2024-02-12 20:31:07.664000',2094,1994,1),(218,'2024-02-12 20:31:07.671000',2094,1994,1),(219,'2024-02-12 20:31:17.312000',2194,2094,1),(220,'2024-02-12 20:31:17.323000',2294,2194,1),(221,'2024-02-12 20:31:21.479000',2394,2294,1),(222,'2024-02-12 20:31:21.485000',2394,2294,1),(223,'2024-02-12 20:32:05.766000',2494,2394,1),(224,'2024-02-12 20:32:05.774000',2494,2394,1),(225,'2024-02-12 20:34:13.014000',2594,2494,1),(226,'2024-02-12 20:34:13.021000',2594,2494,1),(227,'2024-02-12 20:37:24.659000',2694,2594,1),(228,'2024-02-12 20:37:24.703000',2794,2694,1),(229,'2024-02-12 20:37:24.813000',2894,2794,1),(230,'2024-02-12 20:37:24.820000',2894,2794,1),(231,'2024-02-12 20:40:33.209000',2994,2894,1),(232,'2024-02-12 20:40:33.216000',2994,2894,1),(233,'2024-02-12 20:40:46.522000',3094,2994,1),(234,'2024-02-12 20:40:46.529000',3094,2994,1),(235,'2024-02-12 20:40:46.537000',3094,2994,1),(236,'2024-02-12 20:40:46.545000',3194,3094,1),(237,'2024-02-12 20:40:50.086000',3294,3194,1),(238,'2024-02-12 20:40:50.115000',3294,3194,1),(239,'2024-02-12 20:40:50.121000',3294,3194,1),(240,'2024-02-12 20:40:50.132000',3294,3194,1),(241,'2024-02-12 20:40:54.181000',3394,3294,1),(242,'2024-02-12 20:40:54.188000',3394,3294,1),(243,'2024-02-12 20:43:51.007000',3397,3394,1),(244,'2024-02-12 20:43:51.014000',3397,3394,1),(245,'2024-02-12 20:43:58.286000',3400,3397,1),(246,'2024-02-12 20:43:58.293000',3400,3397,1),(247,'2024-02-12 20:44:03.530000',3403,3400,1),(248,'2024-02-12 20:44:03.556000',3406,3403,1),(249,'2024-02-12 20:44:07.715000',3409,3406,1),(250,'2024-02-12 20:44:07.723000',3409,3406,1),(251,'2024-02-12 20:44:16.231000',3412,3409,1),(252,'2024-02-12 20:44:16.237000',3412,3409,1),(253,'2024-02-12 20:44:20.667000',3415,3412,1),(254,'2024-02-12 20:44:20.673000',3415,3412,1),(255,'2024-02-12 20:44:25.115000',3418,3415,1),(256,'2024-02-12 20:44:25.123000',3418,3415,1),(257,'2024-02-12 20:44:48.667000',3421,3418,1),(258,'2024-02-12 20:44:48.676000',3421,3418,1),(259,'2024-02-12 20:45:11.343000',3424,3421,1),(260,'2024-02-12 20:45:11.349000',3424,3421,1),(261,'2024-02-12 21:16:23.652000',3427,3424,1),(262,'2024-02-12 21:16:23.660000',3427,3424,1),(263,'2024-02-12 23:54:24.132000',3430,3427,1),(264,'2024-02-12 23:54:24.140000',3430,3427,1),(265,'2024-02-13 10:57:34.920000',3230,3430,1),(266,'2024-02-13 10:58:57.656000',3030,3230,1),(267,'2024-02-13 10:59:15.758000',2830,3030,1),(268,'2024-02-13 02:19:20.472000',2833,2830,1),(269,'2024-02-13 02:19:20.493000',2833,2830,1),(270,'2024-02-13 02:19:25.280000',2836,2833,1),(271,'2024-02-13 02:19:25.291000',2836,2833,1),(272,'2024-02-13 11:26:59.783000',800,1000,4),(273,'2024-02-13 11:27:06.140000',600,800,4),(274,'2024-02-13 11:45:10.294000',400,600,4),(275,'2024-02-13 03:09:08.795000',2839,2836,1),(276,'2024-02-13 03:09:08.828000',2839,2836,1),(277,'2024-02-13 03:09:18.094000',2842,2839,1),(278,'2024-02-13 03:09:18.103000',2842,2839,1),(279,'2024-02-13 03:09:50.942000',2845,2842,1),(280,'2024-02-13 03:09:50.950000',2845,2842,1),(281,'2024-02-13 04:22:00.512000',2848,2845,1),(282,'2024-02-13 04:22:00.519000',2848,2845,1),(283,'2024-02-13 04:37:05.464000',2851,2848,1),(284,'2024-02-13 04:37:05.472000',2851,2848,1),(285,'2024-02-13 05:36:30.467000',2751,2851,1),(286,'2024-02-13 05:37:38.022000',2754,2751,1),(287,'2024-02-13 05:37:38.029000',2754,2751,1),(288,'2024-02-13 05:37:54.378000',2757,2754,1),(289,'2024-02-13 05:37:54.387000',2757,2754,1),(290,'2024-02-13 05:37:59.337000',2760,2757,1),(291,'2024-02-13 05:37:59.359000',2760,2757,1),(292,'2024-02-13 05:38:01.364000',2763,2760,1),(293,'2024-02-13 05:38:01.373000',2763,2760,1),(294,'2024-02-13 06:39:42.712000',2713,2763,1),(295,'2024-02-13 07:07:28.411000',2716,2713,1),(296,'2024-02-13 07:07:28.418000',2716,2713,1),(297,'2024-02-13 07:10:25.085000',2719,2716,1),(298,'2024-02-13 07:10:25.093000',2719,2716,1),(299,'2024-02-13 07:12:47.548000',2722,2719,1),(300,'2024-02-13 07:12:47.557000',2722,2719,1),(301,'2024-02-13 07:13:28.778000',2725,2722,1),(302,'2024-02-13 07:13:28.786000',2725,2722,1),(303,'2024-02-13 07:15:14.418000',2728,2725,1),(304,'2024-02-13 07:15:14.426000',2728,2725,1),(305,'2024-02-13 07:55:37.775000',2731,2728,1),(306,'2024-02-13 07:55:37.784000',2731,2728,1),(307,'2024-02-13 08:07:50.071000',2734,2731,1),(308,'2024-02-13 08:07:50.078000',2734,2731,1),(309,'2024-02-13 16:14:06.778000',2737,2734,1),(310,'2024-02-13 16:14:06.791000',2737,2734,1),(311,'2024-02-13 16:14:20.764000',2740,2737,1),(312,'2024-02-13 16:14:20.777000',2740,2737,1),(313,'2024-02-13 16:14:37.187000',2743,2740,1),(314,'2024-02-13 16:14:37.194000',2743,2740,1),(315,'2024-02-13 16:15:39.955000',2746,2743,1),(316,'2024-02-13 16:15:39.964000',2746,2743,1),(317,'2024-02-14 00:14:01.247000',2749,2746,1),(318,'2024-02-14 00:14:01.256000',2749,2746,1),(319,'2024-02-14 00:14:23.879000',2752,2749,1),(320,'2024-02-14 00:14:23.887000',2752,2749,1),(321,'2024-02-14 00:25:52.875000',2755,2752,1),(322,'2024-02-14 00:26:13.164000',2758,2755,1),(323,'2024-02-14 00:26:26.224000',2761,2758,1),(324,'2024-02-14 00:26:32.726000',2764,2761,1),(325,'2024-02-14 00:26:45.708000',2767,2764,1),(326,'2024-02-14 00:29:10.824000',2770,2767,1),(327,'2024-02-14 00:29:16.544000',2773,2770,1),(328,'2024-02-14 00:29:27.798000',2776,2773,1),(329,'2024-02-14 00:29:35.964000',2779,2776,1),(330,'2024-02-14 00:29:45.049000',2782,2779,1),(331,'2024-02-14 00:29:53.968000',2785,2782,1),(332,'2024-02-14 00:30:02.159000',2788,2785,1),(333,'2024-02-14 00:30:14.752000',2791,2788,1),(334,'2024-02-14 00:30:23.102000',2794,2791,1),(335,'2024-02-14 00:30:31.625000',2797,2794,1),(336,'2024-02-14 00:30:51.504000',2800,2797,1),(337,'2024-02-14 00:31:03.377000',2803,2800,1),(338,'2024-02-14 00:31:25.566000',2806,2803,1),(339,'2024-02-14 00:31:32.769000',2809,2806,1),(340,'2024-02-14 00:31:53.503000',2812,2809,1),(341,'2024-02-14 00:32:21.213000',2812,2812,1),(342,'2024-02-14 00:52:06.825000',2815,2812,1),(343,'2024-02-14 00:52:06.834000',2815,2812,1),(344,'2024-02-14 01:06:37.980000',2815,2815,1),(345,'2024-02-14 01:06:50.999000',2818,2815,1),(346,'2024-02-14 01:15:59.337000',2821,2818,1),(347,'2024-02-14 01:15:59.346000',2821,2818,1),(348,'2024-02-14 01:16:27.061000',2824,2821,1),(349,'2024-02-14 01:16:27.068000',2824,2821,1),(350,'2024-02-14 01:16:33.920000',2827,2824,1),(351,'2024-02-14 01:16:33.929000',2827,2824,1),(352,'2024-02-14 01:16:40.130000',2830,2827,1),(353,'2024-02-14 01:16:40.138000',2830,2827,1),(354,'2024-02-14 01:16:46.678000',2833,2830,1),(355,'2024-02-14 01:16:46.687000',2833,2830,1),(356,'2024-02-14 01:16:53.610000',2836,2833,1),(357,'2024-02-14 01:16:53.619000',2836,2833,1),(358,'2024-02-14 01:17:00.142000',2839,2836,1),(359,'2024-02-14 01:17:00.156000',2839,2836,1),(360,'2024-02-14 01:17:08.700000',2842,2839,1),(361,'2024-02-14 01:17:08.709000',2842,2839,1),(362,'2024-02-14 01:17:27.177000',2845,2842,1),(363,'2024-02-14 01:17:27.186000',2845,2842,1),(364,'2024-02-14 01:17:32.292000',2848,2845,1),(365,'2024-02-14 01:17:32.299000',2848,2845,1),(366,'2024-02-14 01:17:33.050000',2851,2848,1),(367,'2024-02-14 01:17:33.056000',2851,2848,1),(368,'2024-02-14 01:17:38.552000',2854,2851,1),(369,'2024-02-14 01:17:38.560000',2854,2851,1),(370,'2024-02-14 01:17:44.518000',2857,2854,1),(371,'2024-02-14 01:17:44.527000',2857,2854,1),(372,'2024-02-14 01:17:50.091000',2860,2857,1),(373,'2024-02-14 01:17:50.098000',2860,2857,1),(374,'2024-02-14 01:19:24.134000',2863,2860,1),(375,'2024-02-14 01:19:24.143000',2863,2860,1),(376,'2024-02-14 01:19:27.282000',2866,2863,1),(377,'2024-02-14 01:19:27.289000',2866,2863,1),(378,'2024-02-14 02:08:10.135000',2869,2866,1),(379,'2024-02-14 02:08:15.678000',2872,2869,1),(380,'2024-02-14 02:08:23.056000',2875,2872,1),(381,'2024-02-14 02:08:34.735000',2878,2875,1),(382,'2024-02-14 02:08:40.620000',2881,2878,1),(383,'2024-02-14 02:09:09.173000',2884,2881,1),(384,'2024-02-14 02:09:56.506000',2887,2884,1),(385,'2024-02-14 02:10:01.926000',2890,2887,1),(386,'2024-02-14 02:10:15.088000',2893,2890,1),(387,'2024-02-14 02:10:19.536000',2896,2893,1),(388,'2024-02-14 02:10:31.900000',2899,2896,1),(389,'2024-02-14 02:11:02.983000',2902,2899,1),(390,'2024-02-14 02:11:18.472000',2905,2902,1),(391,'2024-02-14 02:11:24.536000',2908,2905,1),(392,'2024-02-14 03:06:03.335000',2911,2908,1),(393,'2024-02-14 03:06:08.712000',2914,2911,1),(394,'2024-02-14 03:06:16.391000',2917,2914,1),(395,'2024-02-14 03:06:25.077000',2920,2917,1),(396,'2024-02-14 05:45:54.834000',2923,2920,1),(397,'2024-02-14 05:46:46.075000',2926,2923,1),(398,'2024-02-14 05:47:03.987000',2929,2926,1),(399,'2024-02-14 05:47:09.955000',2932,2929,1),(400,'2024-02-14 05:47:19.114000',2935,2932,1),(401,'2024-02-14 05:47:26.302000',2938,2935,1),(402,'2024-02-14 05:47:32.503000',2941,2938,1),(403,'2024-02-14 05:47:39.284000',2944,2941,1),(404,'2024-02-14 05:47:48.562000',2947,2944,1),(405,'2024-02-14 05:47:55.259000',2950,2947,1),(406,'2024-02-14 05:48:05.188000',2953,2950,1),(407,'2024-02-14 05:48:12.845000',2956,2953,1),(408,'2024-02-14 05:48:37.750000',2959,2956,1),(409,'2024-02-14 05:48:44.160000',2962,2959,1),(410,'2024-02-14 05:50:03.595000',2965,2962,1),(411,'2024-02-14 05:50:11.583000',2968,2965,1),(412,'2024-02-14 05:50:25.292000',2971,2968,1),(413,'2024-02-14 05:50:39.142000',2974,2971,1),(414,'2024-02-14 05:54:19.382000',2977,2974,1),(415,'2024-02-14 05:54:19.392000',2977,2974,1),(416,'2024-02-14 05:54:34.363000',2980,2977,1),(417,'2024-02-14 05:54:34.371000',2980,2977,1),(418,'2024-02-14 05:54:46.391000',2983,2980,1),(419,'2024-02-14 05:54:46.400000',2983,2980,1),(420,'2024-02-14 05:54:59.982000',2986,2983,1),(421,'2024-02-14 05:54:59.991000',2986,2983,1),(422,'2024-02-14 05:55:08.358000',2989,2986,1),(423,'2024-02-14 05:55:08.370000',2989,2986,1),(424,'2024-02-14 05:55:41.065000',2992,2989,1),(425,'2024-02-14 05:55:41.075000',2992,2989,1),(426,'2024-02-14 05:56:05.109000',2995,2992,1),(427,'2024-02-14 05:56:05.119000',2995,2992,1),(428,'2024-02-14 05:56:10.907000',2998,2995,1),(429,'2024-02-14 05:56:10.916000',2998,2995,1),(430,'2024-02-14 05:56:17.286000',3001,2998,1),(431,'2024-02-14 05:56:17.294000',3001,2998,1),(432,'2024-02-14 05:56:23.771000',3004,3001,1),(433,'2024-02-14 05:56:23.780000',3004,3001,1),(434,'2024-02-14 05:56:30.625000',3007,3004,1),(435,'2024-02-14 05:56:30.634000',3007,3004,1),(436,'2024-02-14 05:56:38.599000',3010,3007,1),(437,'2024-02-14 05:56:38.606000',3010,3007,1),(438,'2024-02-14 05:56:45.837000',3013,3010,1),(439,'2024-02-14 05:56:45.845000',3013,3010,1),(440,'2024-02-14 05:56:52.410000',3016,3013,1),(441,'2024-02-14 05:56:52.419000',3016,3013,1),(442,'2024-02-14 05:57:01.289000',3019,3016,1),(443,'2024-02-14 05:57:01.299000',3019,3016,1),(444,'2024-02-14 06:09:06.484000',3022,3019,1),(445,'2024-02-14 06:09:06.516000',3022,3019,1),(446,'2024-02-14 06:09:17.980000',3025,3022,1),(447,'2024-02-14 06:09:17.990000',3025,3022,1),(448,'2024-02-14 06:09:26.405000',3028,3025,1),(449,'2024-02-14 06:09:26.415000',3028,3025,1),(450,'2024-02-14 06:09:47.241000',3031,3028,1),(451,'2024-02-14 06:09:47.249000',3031,3028,1),(452,'2024-02-14 06:10:47.803000',3034,3031,1),(453,'2024-02-14 06:10:47.813000',3034,3031,1),(454,'2024-02-14 06:10:55.284000',3037,3034,1),(455,'2024-02-14 06:10:55.294000',3037,3034,1),(456,'2024-02-14 06:11:19.033000',3040,3037,1),(457,'2024-02-14 06:11:19.043000',3040,3037,1),(458,'2024-02-14 06:12:06.128000',3043,3040,1),(459,'2024-02-14 06:12:06.138000',3043,3040,1),(460,'2024-02-14 06:31:45.760000',3046,3043,1),(461,'2024-02-14 06:31:53.244000',3049,3046,1),(462,'2024-02-14 06:32:03.634000',3052,3049,1),(463,'2024-02-14 06:32:14.880000',3055,3052,1),(464,'2024-02-14 06:32:21.818000',3058,3055,1),(465,'2024-02-14 06:33:26.622000',3061,3058,1),(466,'2024-02-14 06:33:26.632000',3061,3058,1),(467,'2024-02-14 06:33:38.437000',3064,3061,1),(468,'2024-02-14 06:33:38.445000',3064,3061,1),(469,'2024-02-14 06:33:49.076000',3067,3064,1),(470,'2024-02-14 06:33:49.090000',3067,3064,1),(471,'2024-02-14 06:33:57.359000',3070,3067,1),(472,'2024-02-14 06:33:57.368000',3070,3067,1),(473,'2024-02-14 06:34:05.304000',3073,3070,1),(474,'2024-02-14 06:34:05.322000',3076,3073,1),(475,'2024-02-14 06:34:13.518000',3079,3076,1),(476,'2024-02-14 06:34:13.525000',3079,3076,1),(477,'2024-02-14 06:34:48.705000',3082,3079,1),(478,'2024-02-14 06:34:48.712000',3082,3079,1),(479,'2024-02-14 06:34:57.002000',3085,3082,1),(480,'2024-02-14 06:34:57.010000',3085,3082,1),(481,'2024-02-14 06:35:05.743000',3088,3085,1),(482,'2024-02-14 06:35:05.752000',3088,3085,1),(483,'2024-02-14 06:35:29.512000',3091,3088,1),(484,'2024-02-14 06:35:29.521000',3091,3088,1),(485,'2024-02-14 06:35:39.481000',3094,3091,1),(486,'2024-02-14 06:35:39.488000',3094,3091,1),(487,'2024-02-14 06:35:46.970000',3097,3094,1),(488,'2024-02-14 06:35:46.978000',3097,3094,1),(489,'2024-02-14 06:35:54.038000',3100,3097,1),(490,'2024-02-14 06:35:54.046000',3100,3097,1),(491,'2024-02-14 06:35:57.277000',3103,3100,1),(492,'2024-02-14 06:35:57.283000',3103,3100,1),(493,'2024-02-14 06:36:40.170000',3106,3103,1),(494,'2024-02-14 06:36:48.655000',3109,3106,1),(495,'2024-02-14 06:36:56.951000',3112,3109,1),(496,'2024-02-14 06:37:20.692000',3115,3112,1),(497,'2024-02-14 06:37:32.164000',3118,3115,1),(498,'2024-02-14 06:37:41.574000',3121,3118,1),(499,'2024-02-14 06:38:04.974000',3124,3121,1),(500,'2024-02-14 06:39:03.429000',3127,3124,1),(501,'2024-02-14 06:39:19.195000',3130,3127,1),(502,'2024-02-14 06:39:26.643000',3133,3130,1),(503,'2024-02-14 06:39:35.360000',3136,3133,1),(504,'2024-02-14 06:39:43.298000',3139,3136,1),(505,'2024-02-14 06:40:54.211000',3142,3139,1),(506,'2024-02-14 06:40:59.925000',3145,3142,1),(507,'2024-02-14 07:24:31.468000',3148,3145,1),(508,'2024-02-14 07:24:31.478000',3148,3145,1),(509,'2024-02-14 07:24:44.347000',3151,3148,1),(510,'2024-02-14 07:24:44.355000',3151,3148,1),(511,'2024-02-14 07:25:32.125000',3154,3151,1),(512,'2024-02-14 07:25:32.135000',3154,3151,1),(513,'2024-02-14 07:26:18.914000',3157,3154,1),(514,'2024-02-14 07:26:18.921000',3157,3154,1),(515,'2024-02-14 07:44:00.583000',3160,3157,1),(516,'2024-02-14 07:44:00.592000',3160,3157,1),(517,'2024-02-14 07:44:07.548000',3163,3160,1),(518,'2024-02-14 07:44:07.556000',3163,3160,1),(519,'2024-02-14 07:44:16.313000',3166,3163,1),(520,'2024-02-14 07:44:16.340000',3166,3163,1),(521,'2024-02-14 07:44:22.633000',3169,3166,1),(522,'2024-02-14 07:44:22.644000',3169,3166,1),(523,'2024-02-14 07:44:30.307000',3172,3169,1),(524,'2024-02-14 07:44:30.337000',3172,3169,1),(525,'2024-02-14 07:44:36.606000',3175,3172,1),(526,'2024-02-14 07:44:36.635000',3175,3172,1),(527,'2024-02-14 07:44:49.095000',3178,3175,1),(528,'2024-02-14 07:44:49.182000',3178,3175,1),(529,'2024-02-14 07:45:21.566000',3181,3178,1),(530,'2024-02-14 07:45:21.581000',3181,3178,1),(531,'2024-02-14 07:45:28.196000',3184,3181,1),(532,'2024-02-14 07:45:28.229000',3184,3181,1),(533,'2024-02-14 07:45:42.855000',3187,3184,1),(534,'2024-02-14 07:45:42.875000',3187,3184,1),(535,'2024-02-14 07:45:52.000000',3190,3187,1),(536,'2024-02-14 07:45:52.040000',3190,3187,1),(537,'2024-02-14 07:46:03.247000',3193,3190,1),(538,'2024-02-14 07:46:03.256000',3193,3190,1),(539,'2024-02-14 07:46:27.190000',3196,3193,1),(540,'2024-02-14 07:46:27.199000',3196,3193,1),(541,'2024-02-14 07:46:33.831000',3199,3196,1),(542,'2024-02-14 07:46:33.839000',3199,3196,1),(543,'2024-02-14 07:46:35.422000',3202,3199,1),(544,'2024-02-14 07:46:35.429000',3202,3199,1),(545,'2024-02-14 07:47:12.176000',3205,3202,1),(546,'2024-02-14 07:47:33.652000',3205,3205,1),(547,'2024-02-14 07:47:44.709000',3208,3205,1),(548,'2024-02-14 07:48:02.153000',3211,3208,1),(549,'2024-02-14 07:48:09.924000',3214,3211,1),(550,'2024-02-14 07:48:16.298000',3217,3214,1),(551,'2024-02-14 07:48:22.165000',3220,3217,1),(552,'2024-02-14 07:48:28.697000',3223,3220,1),(553,'2024-02-14 07:48:44.586000',3226,3223,1),(554,'2024-02-14 07:48:55.312000',3229,3226,1),(555,'2024-02-14 07:49:18.260000',3232,3229,1),(556,'2024-02-14 07:49:24.731000',3235,3232,1),(557,'2024-02-14 07:49:37.202000',3238,3235,1),(558,'2024-02-14 07:49:50.747000',3241,3238,1),(559,'2024-02-14 07:49:56.367000',3244,3241,1),(560,'2024-02-14 07:50:40.056000',3247,3244,1),(561,'2024-02-14 07:50:40.063000',3247,3244,1),(562,'2024-02-14 07:50:47.627000',3250,3247,1),(563,'2024-02-14 07:50:47.633000',3250,3247,1),(564,'2024-02-14 07:52:50.085000',3350,3250,1),(565,'2024-02-14 07:52:50.094000',3350,3250,1),(566,'2024-02-14 07:53:25.411000',3353,3350,1),(567,'2024-02-14 07:53:45.819000',3356,3353,1),(568,'2024-02-14 07:53:58.667000',3359,3356,1),(569,'2024-02-14 07:54:11.315000',3359,3359,1),(570,'2024-02-14 07:54:19.758000',3362,3359,1),(571,'2024-02-14 07:54:29.513000',3365,3362,1),(572,'2024-02-14 07:54:42.860000',3368,3365,1),(573,'2024-02-14 07:55:02.277000',3371,3368,1),(574,'2024-02-14 07:55:23.642000',3374,3371,1),(575,'2024-02-14 07:55:31.228000',3377,3374,1),(576,'2024-02-14 07:59:10.195000',3477,3377,1),(577,'2024-02-14 07:59:10.201000',3477,3377,1),(578,'2024-02-14 07:59:41.562000',3577,3477,1),(579,'2024-02-14 07:59:41.568000',3577,3477,1),(580,'2024-02-14 07:59:42.965000',3677,3577,1),(581,'2024-02-14 07:59:42.993000',3677,3577,1),(582,'2024-02-14 08:24:59.920000',3677,3677,1),(583,'2024-02-14 08:28:27.955000',3677,3677,1),(584,'2024-02-14 08:28:41.653000',3677,3677,1),(585,'2024-02-14 08:38:40.469000',3680,3677,1),(586,'2024-02-14 08:38:40.478000',3680,3677,1),(587,'2024-02-14 08:39:15.073000',3683,3680,1),(588,'2024-02-14 08:39:15.083000',3683,3680,1),(589,'2024-02-14 08:39:22.914000',3686,3683,1),(590,'2024-02-14 08:39:22.923000',3686,3683,1),(591,'2024-02-14 08:39:27.427000',3689,3686,1),(592,'2024-02-14 08:39:27.436000',3689,3686,1),(593,'2024-02-14 08:40:25.797000',3692,3689,1),(594,'2024-02-14 08:40:25.804000',3692,3689,1),(595,'2024-02-14 08:40:33.008000',3695,3692,1),(596,'2024-02-14 08:40:33.025000',3695,3692,1),(597,'2024-02-14 08:40:43.161000',3698,3695,1),(598,'2024-02-14 08:40:43.167000',3698,3695,1),(599,'2024-02-14 08:40:50.302000',3701,3698,1),(600,'2024-02-14 08:40:50.310000',3701,3698,1),(601,'2024-02-14 08:41:01.521000',3704,3701,1),(602,'2024-02-14 08:41:01.530000',3704,3701,1),(603,'2024-02-14 08:41:06.884000',3707,3704,1),(604,'2024-02-14 08:41:06.892000',3707,3704,1),(605,'2024-02-14 08:41:12.713000',3710,3707,1),(606,'2024-02-14 08:41:12.778000',3710,3707,1),(607,'2024-02-14 08:41:18.334000',3713,3710,1),(608,'2024-02-14 08:41:18.366000',3713,3710,1),(609,'2024-02-14 08:41:24.360000',3716,3713,1),(610,'2024-02-14 08:41:24.409000',3716,3713,1),(611,'2024-02-14 08:41:29.447000',3719,3716,1),(612,'2024-02-14 08:41:29.474000',3719,3716,1),(613,'2024-02-14 08:41:35.718000',3722,3719,1),(614,'2024-02-14 08:41:35.731000',3722,3719,1),(615,'2024-02-14 08:41:42.027000',3725,3722,1),(616,'2024-02-14 08:41:42.047000',3725,3722,1),(617,'2024-02-14 08:41:47.090000',3728,3725,1),(618,'2024-02-14 08:41:47.104000',3728,3725,1),(619,'2024-02-14 08:41:52.558000',3731,3728,1),(620,'2024-02-14 08:41:52.569000',3731,3728,1),(621,'2024-02-14 08:42:47.419000',3734,3731,1),(622,'2024-02-14 08:42:47.429000',3734,3731,1),(623,'2024-02-14 11:42:33.817000',3737,3734,1),(624,'2024-02-14 11:42:33.826000',3737,3734,1),(625,'2024-02-14 11:42:42.566000',3740,3737,1),(626,'2024-02-14 11:42:42.576000',3740,3737,1),(627,'2024-02-14 11:42:51.755000',3743,3740,1),(628,'2024-02-14 11:42:51.762000',3743,3740,1),(629,'2024-02-14 11:43:41.707000',3746,3743,1),(630,'2024-02-14 11:43:41.714000',3746,3743,1),(631,'2024-02-14 11:43:51.112000',3749,3746,1),(632,'2024-02-14 11:43:51.121000',3749,3746,1),(633,'2024-02-14 11:44:10.767000',3752,3749,1),(634,'2024-02-14 11:44:10.775000',3752,3749,1),(635,'2024-02-14 11:44:47.322000',3755,3752,1),(636,'2024-02-14 11:44:47.330000',3755,3752,1),(637,'2024-02-14 11:45:00.894000',3758,3755,1),(638,'2024-02-14 11:45:00.902000',3758,3755,1),(639,'2024-02-14 11:45:11.400000',3761,3758,1),(640,'2024-02-14 11:45:11.408000',3761,3758,1),(641,'2024-02-14 12:08:53.155000',3764,3761,1),(642,'2024-02-14 12:08:53.172000',3764,3761,1),(643,'2024-02-14 13:22:16.169000',3767,3764,1),(644,'2024-02-14 13:22:16.178000',3767,3764,1),(645,'2024-02-14 13:22:29.294000',3770,3767,1),(646,'2024-02-14 13:22:29.300000',3770,3767,1),(647,'2024-02-14 18:41:56.825000',3773,3770,1),(648,'2024-02-14 18:41:56.838000',3773,3770,1),(649,'2024-02-14 18:42:04.148000',3776,3773,1),(650,'2024-02-14 18:42:04.157000',3776,3773,1),(651,'2024-02-14 18:42:09.443000',3779,3776,1),(652,'2024-02-14 18:42:09.452000',3779,3776,1),(653,'2024-02-14 18:45:58.239000',3782,3779,1),(654,'2024-02-14 18:45:58.245000',3782,3779,1),(655,'2024-02-14 18:46:37.252000',3785,3782,1),(656,'2024-02-14 18:46:37.260000',3785,3782,1),(657,'2024-02-14 18:46:44.072000',3788,3785,1),(658,'2024-02-14 18:46:44.080000',3788,3785,1),(659,'2024-02-14 18:49:51.332000',3791,3788,1),(660,'2024-02-14 18:49:51.340000',3791,3788,1),(661,'2024-02-14 18:50:00.277000',3794,3791,1),(662,'2024-02-14 18:50:00.284000',3794,3791,1),(663,'2024-02-14 19:36:27.504000',3797,3794,1),(664,'2024-02-14 19:36:27.511000',3797,3794,1),(665,'2024-02-14 19:36:33.780000',3800,3797,1),(666,'2024-02-14 19:36:33.787000',3800,3797,1),(667,'2024-02-14 19:36:39.612000',3803,3800,1),(668,'2024-02-14 19:36:39.623000',3803,3800,1),(669,'2024-02-14 19:36:59.722000',3806,3803,1),(670,'2024-02-14 19:36:59.729000',3806,3803,1),(671,'2024-02-14 19:37:07.726000',3809,3806,1),(672,'2024-02-14 19:37:07.733000',3809,3806,1),(673,'2024-02-14 19:37:14.699000',3812,3809,1),(674,'2024-02-14 19:37:14.706000',3812,3809,1),(675,'2024-02-14 19:37:20.727000',3815,3812,1),(676,'2024-02-14 19:37:20.733000',3815,3812,1),(677,'2024-02-14 19:37:28.804000',3818,3815,1),(678,'2024-02-14 19:37:28.813000',3818,3815,1),(679,'2024-02-14 19:37:35.177000',3821,3818,1),(680,'2024-02-14 19:37:35.188000',3821,3818,1),(681,'2024-02-14 19:37:41.357000',3824,3821,1),(682,'2024-02-14 19:37:41.364000',3824,3821,1),(683,'2024-02-14 19:37:47.227000',3827,3824,1),(684,'2024-02-14 19:37:47.233000',3827,3824,1),(685,'2024-02-14 19:42:09.286000',3830,3827,1),(686,'2024-02-14 19:42:09.293000',3830,3827,1),(687,'2024-02-14 19:42:15.182000',3833,3830,1),(688,'2024-02-14 19:42:15.191000',3833,3830,1),(689,'2024-02-14 23:25:23.669000',3836,3833,1),(690,'2024-02-14 23:25:23.675000',3836,3833,1),(691,'2024-02-14 23:25:31.210000',3839,3836,1),(692,'2024-02-14 23:25:31.222000',3839,3836,1),(693,'2024-02-14 23:25:37.862000',3842,3839,1),(694,'2024-02-14 23:25:37.871000',3842,3839,1),(695,'2024-02-14 23:25:50.417000',3845,3842,1),(696,'2024-02-14 23:25:50.424000',3845,3842,1),(697,'2024-02-15 00:03:31.347000',3848,3845,1),(698,'2024-02-15 00:03:31.354000',3848,3845,1),(699,'2024-02-15 00:08:26.351000',3848,3848,1),(700,'2024-02-15 00:08:34.470000',3851,3848,1),(701,'2024-02-15 00:09:03.294000',3854,3851,1),(702,'2024-02-15 00:09:09.998000',3857,3854,1),(703,'2024-02-15 00:09:15.680000',3860,3857,1),(704,'2024-02-15 00:10:36.994000',3863,3860,1),(705,'2024-02-15 00:10:37.006000',3863,3860,1),(706,'2024-02-15 00:10:49.072000',3866,3863,1),(707,'2024-02-15 00:10:49.079000',3866,3863,1),(708,'2024-02-15 00:10:57.102000',3869,3866,1),(709,'2024-02-15 00:10:57.111000',3869,3866,1),(710,'2024-02-15 00:11:44.914000',3872,3869,1),(711,'2024-02-15 00:11:44.924000',3872,3869,1),(712,'2024-02-15 00:11:52.227000',3875,3872,1),(713,'2024-02-15 00:11:52.234000',3875,3872,1),(714,'2024-02-15 00:11:59.289000',3878,3875,1),(715,'2024-02-15 00:11:59.296000',3878,3875,1),(716,'2024-02-15 00:12:18.633000',3881,3878,1),(717,'2024-02-15 00:12:18.642000',3881,3878,1),(718,'2024-02-15 00:13:23.224000',3884,3881,1),(719,'2024-02-15 00:13:23.240000',3887,3884,1),(720,'2024-02-15 00:13:30.424000',3890,3887,1),(721,'2024-02-15 00:13:30.435000',3890,3887,1),(722,'2024-02-15 00:13:39.879000',3893,3890,1),(723,'2024-02-15 00:13:39.887000',3893,3890,1),(724,'2024-02-15 00:13:51.078000',3896,3893,1),(725,'2024-02-15 00:13:51.086000',3896,3893,1),(726,'2024-02-15 00:14:00.068000',3899,3896,1),(727,'2024-02-15 00:14:00.075000',3899,3896,1),(728,'2024-02-15 00:14:09.851000',3902,3899,1),(729,'2024-02-15 00:14:09.860000',3902,3899,1),(730,'2024-02-15 00:15:27.707000',3905,3902,1),(731,'2024-02-15 00:15:27.717000',3905,3902,1),(732,'2024-02-15 00:15:34.441000',3908,3905,1),(733,'2024-02-15 00:15:34.450000',3908,3905,1),(734,'2024-02-15 00:15:41.696000',3911,3908,1),(735,'2024-02-15 00:15:41.705000',3911,3908,1),(736,'2024-02-15 00:17:14.351000',3914,3911,1),(737,'2024-02-15 00:17:14.365000',3914,3911,1),(738,'2024-02-15 00:17:21.558000',3917,3914,1),(739,'2024-02-15 00:17:21.569000',3917,3914,1),(740,'2024-02-15 00:18:03.868000',3920,3917,1),(741,'2024-02-15 00:18:23.814000',3923,3920,1),(742,'2024-02-15 00:18:23.823000',3923,3920,1),(743,'2024-02-15 00:18:31.220000',3926,3923,1),(744,'2024-02-15 00:18:31.227000',3926,3923,1),(745,'2024-02-15 00:18:40.242000',3929,3926,1),(746,'2024-02-15 00:18:40.250000',3929,3926,1),(747,'2024-02-15 00:18:47.106000',3932,3929,1),(748,'2024-02-15 00:18:47.120000',3932,3929,1),(749,'2024-02-15 00:18:54.252000',3935,3932,1),(750,'2024-02-15 00:18:54.261000',3935,3932,1),(751,'2024-02-15 00:19:01.630000',3938,3935,1),(752,'2024-02-15 00:19:01.639000',3938,3935,1),(753,'2024-02-15 00:19:21.626000',3941,3938,1),(754,'2024-02-15 00:19:21.633000',3941,3938,1),(755,'2024-02-15 00:19:28.414000',3944,3941,1),(756,'2024-02-15 00:19:28.424000',3944,3941,1),(757,'2024-02-15 00:19:35.189000',3947,3944,1),(758,'2024-02-15 00:19:35.197000',3947,3944,1),(759,'2024-02-15 00:19:42.062000',3950,3947,1),(760,'2024-02-15 00:19:42.071000',3950,3947,1),(761,'2024-02-15 00:19:49.792000',3953,3950,1),(762,'2024-02-15 00:19:49.808000',3956,3953,1),(763,'2024-02-15 00:20:00.014000',3959,3956,1),(764,'2024-02-15 00:20:00.021000',3959,3956,1),(765,'2024-02-15 00:20:44.655000',3962,3959,1),(766,'2024-02-15 00:20:44.663000',3962,3959,1),(767,'2024-02-15 00:20:52.058000',3965,3962,1),(768,'2024-02-15 00:20:52.065000',3965,3962,1),(769,'2024-02-15 00:20:53.697000',3968,3965,1),(770,'2024-02-15 00:20:53.705000',3968,3965,1),(771,'2024-02-15 00:21:37.362000',3971,3968,1),(772,'2024-02-15 00:21:46.702000',3974,3971,1),(773,'2024-02-15 00:21:55.645000',3977,3974,1),(774,'2024-02-15 00:22:03.367000',3980,3977,1),(775,'2024-02-15 00:22:17.598000',3983,3980,1),(776,'2024-02-15 00:22:24.838000',3986,3983,1),(777,'2024-02-15 00:22:32.852000',3989,3986,1),(778,'2024-02-15 00:22:42.001000',3992,3989,1),(779,'2024-02-15 00:22:49.092000',3995,3992,1),(780,'2024-02-15 00:22:55.436000',3998,3995,1),(781,'2024-02-15 00:23:02.600000',4001,3998,1),(782,'2024-02-15 00:23:08.976000',4004,4001,1),(783,'2024-02-15 00:23:36.597000',4007,4004,1),(784,'2024-02-15 00:23:42.357000',4010,4007,1),(785,'2024-02-15 00:29:24.280000',4013,4010,1),(786,'2024-02-15 00:29:24.288000',4013,4010,1),(787,'2024-02-15 00:29:31.241000',4016,4013,1),(788,'2024-02-15 00:29:31.249000',4016,4013,1),(789,'2024-02-15 00:29:38.131000',4019,4016,1),(790,'2024-02-15 00:29:38.141000',4019,4016,1),(791,'2024-02-15 00:30:01.329000',4022,4019,1),(792,'2024-02-15 00:30:01.337000',4022,4019,1),(793,'2024-02-15 00:30:08.017000',4025,4022,1),(794,'2024-02-15 00:30:08.024000',4025,4022,1),(795,'2024-02-15 00:30:14.360000',4028,4025,1),(796,'2024-02-15 00:30:14.369000',4028,4025,1),(797,'2024-02-15 00:31:53.527000',4031,4028,1),(798,'2024-02-15 00:32:10.506000',4034,4031,1),(799,'2024-02-15 00:32:10.515000',4034,4031,1),(800,'2024-02-15 00:32:20.991000',4037,4034,1),(801,'2024-02-15 00:32:22.486000',4040,4037,1),(802,'2024-02-15 00:32:22.498000',4040,4037,1),(803,'2024-02-15 00:32:33.321000',4043,4040,1),(804,'2024-02-15 00:32:34.515000',4046,4043,1),(805,'2024-02-15 00:32:34.522000',4046,4043,1),(806,'2024-02-15 00:32:45.147000',4049,4046,1),(807,'2024-02-15 00:32:45.906000',4052,4049,1),(808,'2024-02-15 00:32:45.915000',4052,4049,1),(809,'2024-02-15 00:32:57.064000',4055,4052,1),(810,'2024-02-15 00:32:57.518000',4058,4055,1),(811,'2024-02-15 00:32:57.528000',4058,4055,1),(812,'2024-02-15 00:33:09.276000',4061,4058,1),(813,'2024-02-15 00:33:09.522000',4064,4061,1),(814,'2024-02-15 00:33:09.530000',4064,4061,1),(815,'2024-02-15 00:34:04.068000',4067,4064,1),(816,'2024-02-15 00:34:04.075000',4067,4064,1),(817,'2024-02-15 00:34:16.431000',4070,4067,1),(818,'2024-02-15 00:34:16.440000',4070,4067,1),(819,'2024-02-15 00:34:18.259000',4073,4070,1),(820,'2024-02-15 00:34:18.267000',4073,4070,1),(821,'2024-02-15 00:36:23.291000',4073,4073,1),(822,'2024-02-15 00:36:30.777000',4076,4073,1),(823,'2024-02-15 00:36:38.150000',4079,4076,1),(824,'2024-02-15 00:37:20.274000',4082,4079,1),(825,'2024-02-15 00:37:27.691000',4085,4082,1),(826,'2024-02-15 00:37:40.175000',4088,4085,1),(827,'2024-02-15 00:37:45.456000',4091,4088,1),(828,'2024-02-15 00:37:54.184000',4094,4091,1),(829,'2024-02-15 00:38:02.114000',4097,4094,1),(830,'2024-02-15 00:38:10.715000',4100,4097,1),(831,'2024-02-15 00:38:22.337000',4103,4100,1),(832,'2024-02-15 00:38:29.157000',4106,4103,1),(833,'2024-02-15 00:38:44.054000',4109,4106,1),(834,'2024-02-15 00:38:57.650000',4112,4109,1),(835,'2024-02-15 00:39:05.762000',4115,4112,1),(836,'2024-02-15 00:39:16.530000',4118,4115,1),(837,'2024-02-15 00:39:39.331000',4121,4118,1),(838,'2024-02-15 00:39:47.977000',4124,4121,1),(839,'2024-02-15 00:39:54.291000',4127,4124,1),(840,'2024-02-15 00:40:29.666000',4130,4127,1),(841,'2024-02-15 00:40:36.666000',4133,4130,1),(842,'2024-02-15 00:40:44.283000',4136,4133,1),(843,'2024-02-15 00:40:52.198000',4139,4136,1),(844,'2024-02-15 00:40:59.436000',4142,4139,1),(845,'2024-02-15 00:41:08.221000',4145,4142,1),(846,'2024-02-15 00:41:15.894000',4148,4145,1),(847,'2024-02-15 00:41:23.824000',4151,4148,1),(848,'2024-02-15 00:41:34.725000',4154,4151,1),(849,'2024-02-15 00:41:50.085000',4157,4154,1),(850,'2024-02-15 00:42:44.112000',4160,4157,1),(851,'2024-02-15 00:42:57.589000',4163,4160,1),(852,'2024-02-15 01:07:11.220000',4166,4163,1),(853,'2024-02-15 01:07:32.789000',4169,4166,1),(854,'2024-02-15 01:07:32.810000',4169,4166,1),(855,'2024-02-15 01:08:42.773000',4172,4169,1),(856,'2024-02-15 01:08:42.791000',4172,4169,1),(857,'2024-02-15 01:12:18.220000',4175,4172,1),(858,'2024-02-15 01:12:18.229000',4175,4172,1),(859,'2024-02-15 01:37:11.119000',4178,4175,1),(860,'2024-02-15 02:29:56.693000',4128,4178,1),(861,'2024-02-15 02:30:09.449000',4078,4128,1),(862,'2024-02-15 04:48:04.699000',4028,4078,1),(863,'2024-02-15 05:02:46.537000',4031,4028,1),(864,'2024-02-15 05:02:46.572000',4031,4028,1),(865,'2024-02-15 05:03:51.901000',4034,4031,1),(866,'2024-02-15 05:03:51.912000',4034,4031,1),(867,'2024-02-15 05:05:32.491000',4037,4034,1),(868,'2024-02-15 05:05:32.498000',4037,4034,1),(869,'2024-02-15 05:05:48.101000',4040,4037,1),(870,'2024-02-15 05:05:48.112000',4040,4037,1),(871,'2024-02-15 05:05:53.875000',4043,4040,1),(872,'2024-02-15 05:05:53.884000',4043,4040,1),(873,'2024-02-15 05:07:20.752000',4046,4043,1),(874,'2024-02-15 05:07:20.761000',4046,4043,1),(875,'2024-02-15 05:10:10.927000',4049,4046,1),(876,'2024-02-15 05:10:15.397000',4052,4049,1),(877,'2024-02-15 05:10:22.449000',4055,4052,1),(878,'2024-02-15 05:10:37.823000',4058,4055,1),(879,'2024-02-15 05:10:42.524000',4061,4058,1),(880,'2024-02-15 05:11:40.668000',4064,4061,1),(881,'2024-02-15 05:11:40.681000',4064,4061,1),(882,'2024-02-15 05:18:34.386000',4067,4064,1),(883,'2024-02-15 05:18:34.396000',4067,4064,1),(884,'2024-02-15 05:18:55.206000',4070,4067,1),(885,'2024-02-15 05:18:55.224000',4073,4070,1),(886,'2024-02-15 05:23:47.531000',4076,4073,1),(887,'2024-02-15 05:23:47.541000',4076,4073,1),(888,'2024-02-15 05:24:36.286000',4079,4076,1),(889,'2024-02-15 05:24:36.295000',4079,4076,1),(890,'2024-02-15 05:25:11.686000',4082,4079,1),(891,'2024-02-15 05:25:11.695000',4082,4079,1),(892,'2024-02-15 05:25:15.490000',4085,4082,1),(893,'2024-02-15 05:25:15.497000',4085,4082,1),(894,'2024-02-15 05:25:54.117000',4085,4085,1),(895,'2024-02-15 05:26:01.257000',4088,4085,1),(896,'2024-02-15 05:37:19.182000',4091,4088,1),(897,'2024-02-15 05:37:19.192000',4091,4088,1),(898,'2024-02-15 05:39:15.161000',4094,4091,1),(899,'2024-02-15 05:39:15.171000',4094,4091,1),(900,'2024-02-15 05:39:21.487000',4097,4094,1),(901,'2024-02-15 05:39:21.497000',4097,4094,1),(902,'2024-02-15 05:41:14.280000',4100,4097,1),(903,'2024-02-15 05:41:14.295000',4103,4100,1),(904,'2024-02-15 05:41:39.186000',4106,4103,1),(905,'2024-02-15 05:41:39.195000',4106,4103,1),(906,'2024-02-15 05:43:49.271000',4106,4106,1),(907,'2024-02-15 05:43:52.851000',4109,4106,1),(908,'2024-02-15 05:43:58.022000',4112,4109,1),(909,'2024-02-15 05:45:15.987000',4115,4112,1),(910,'2024-02-15 05:45:47.196000',4118,4115,1),(911,'2024-02-15 05:50:28.727000',4121,4118,1),(912,'2024-02-15 05:50:28.735000',4121,4118,1),(913,'2024-02-15 06:29:21.063000',4124,4121,1),(914,'2024-02-15 06:29:29.899000',4127,4124,1),(915,'2024-02-15 06:31:23.680000',4130,4127,1),(916,'2024-02-15 06:31:59.524000',4133,4130,1),(917,'2024-02-15 07:21:59.679000',4136,4133,1),(918,'2024-02-15 07:21:59.692000',4136,4133,1),(919,'2024-02-15 07:22:10.582000',4139,4136,1),(920,'2024-02-15 07:22:10.588000',4139,4136,1),(921,'2024-02-15 07:22:19.876000',4142,4139,1),(922,'2024-02-15 07:22:19.883000',4142,4139,1),(923,'2024-02-15 07:22:31.615000',4145,4142,1),(924,'2024-02-15 07:22:31.622000',4145,4142,1),(925,'2024-02-15 07:22:40.621000',4148,4145,1),(926,'2024-02-15 07:22:40.628000',4148,4145,1),(927,'2024-02-15 07:53:05.492000',4148,4148,1),(928,'2024-02-15 07:53:11.967000',4151,4148,1),(929,'2024-02-15 07:53:20.112000',4154,4151,1),(930,'2024-02-15 07:53:26.896000',4157,4154,1),(931,'2024-02-15 07:53:41.647000',4160,4157,1),(932,'2024-02-15 07:53:49.321000',4163,4160,1),(933,'2024-02-15 07:53:56.842000',4166,4163,1),(934,'2024-02-15 08:18:26.132000',4169,4166,1),(935,'2024-02-15 08:18:30.800000',4172,4169,1),(936,'2024-02-15 08:18:34.100000',4175,4172,1),(937,'2024-02-15 08:18:42.878000',4178,4175,1),(938,'2024-02-15 08:18:45.569000',4181,4178,1),(939,'2024-02-15 08:18:49.143000',4184,4181,1),(940,'2024-02-15 08:18:52.678000',4187,4184,1),(941,'2024-02-15 08:19:00.871000',4190,4187,1),(942,'2024-02-15 08:19:04.092000',4193,4190,1),(943,'2024-02-15 08:19:32.542000',4196,4193,1),(944,'2024-02-15 08:19:38.088000',4199,4196,1),(945,'2024-02-15 08:19:43.536000',4202,4199,1),(946,'2024-02-15 08:19:48.210000',4205,4202,1),(947,'2024-02-15 08:19:51.834000',4208,4205,1),(948,'2024-02-15 08:26:06.212000',4211,4208,1),(949,'2024-02-15 08:26:14.319000',4214,4211,1),(950,'2024-02-15 08:26:26.472000',4217,4214,1),(951,'2024-02-15 08:45:37.265000',4220,4217,1),(952,'2024-02-15 08:45:46.884000',4223,4220,1),(953,'2024-02-15 08:45:55.035000',4226,4223,1),(954,'2024-02-15 08:50:22.583000',4229,4226,1),(955,'2024-02-15 10:36:10.777000',4232,4229,1),(956,'2024-02-15 11:37:25.323000',4232,4232,1),(957,'2024-02-15 13:18:47.048000',4235,4232,1),(958,'2024-02-15 13:19:27.160000',4135,4235,1),(959,'2024-02-15 13:20:16.229000',4035,4135,1),(960,'2024-02-15 13:20:36.863000',3935,4035,1),(961,'2024-02-15 13:20:44.077000',3938,3935,1),(962,'2024-02-15 13:20:57.328000',3941,3938,1),(963,'2024-02-15 13:21:55.346000',3941,3941,1),(964,'2024-02-15 13:21:57.799000',3944,3941,1),(965,'2024-02-15 13:22:00.272000',3947,3944,1),(966,'2024-02-15 13:24:00.069000',3950,3947,1),(967,'2024-02-15 13:24:03.003000',3953,3950,1),(968,'2024-02-15 13:24:05.451000',3956,3953,1),(969,'2024-02-15 13:24:08.813000',3959,3956,1),(970,'2024-02-15 13:24:13.629000',3859,3959,1),(971,'2024-02-15 13:24:22.088000',3859,3859,1),(972,'2024-02-15 13:24:24.941000',3862,3859,1),(973,'2024-02-15 13:24:27.517000',3865,3862,1),(974,'2024-02-15 13:24:31.391000',3868,3865,1),(975,'2024-02-15 13:24:33.845000',3871,3868,1),(976,'2024-02-15 13:24:37.162000',3874,3871,1),(977,'2024-02-15 13:25:27.441000',3874,3874,1),(978,'2024-02-15 13:25:29.843000',3877,3874,1),(979,'2024-02-15 13:25:32.390000',3880,3877,1),(980,'2024-02-15 13:25:38.182000',3883,3880,1),(981,'2024-02-15 13:25:43.248000',3886,3883,1),(982,'2024-02-15 13:26:15.490000',3889,3886,1),(983,'2024-02-15 13:26:23.465000',3789,3889,1),(984,'2024-02-15 13:26:49.159000',3689,3789,1),(985,'2024-02-15 13:29:09.664000',3692,3689,1),(986,'2024-02-15 13:29:21.681000',3695,3692,1),(987,'2024-02-15 13:29:52.480000',3698,3695,1),(988,'2024-02-15 13:29:57.766000',3701,3698,1),(989,'2024-02-15 13:32:10.273000',3601,3701,1),(990,'2024-02-15 13:32:55.455000',3551,3601,1),(991,'2024-02-15 13:35:42.955000',3451,3551,1),(992,'2024-02-15 13:36:26.092000',3401,3451,1),(993,'2024-02-15 13:54:17.842000',3404,3401,1),(994,'2024-02-15 13:54:23.704000',3407,3404,1),(995,'2024-02-15 13:54:53.438000',3407,3407,1),(996,'2024-02-15 13:54:56.079000',3410,3407,1),(997,'2024-02-15 13:54:58.701000',3413,3410,1),(998,'2024-02-15 13:55:02.046000',3416,3413,1),(999,'2024-02-15 13:55:04.371000',3419,3416,1),(1000,'2024-02-15 13:55:07.925000',3422,3419,1),(1001,'2024-02-15 13:55:30.471000',3425,3422,1),(1002,'2024-02-15 13:55:36.701000',3428,3425,1),(1003,'2024-02-15 13:55:54.165000',3431,3428,1),(1004,'2024-02-15 13:55:56.997000',3434,3431,1),(1005,'2024-02-15 13:56:09.087000',3437,3434,1),(1006,'2024-02-15 13:56:31.057000',3440,3437,1),(1007,'2024-02-15 13:56:34.184000',3443,3440,1),(1008,'2024-02-15 13:56:37.803000',3446,3443,1),(1009,'2024-02-15 13:56:40.768000',3449,3446,1),(1010,'2024-02-15 13:56:43.702000',3452,3449,1),(1011,'2024-02-15 14:46:36.536000',3402,3452,1),(1012,'2024-02-15 14:57:00.249000',3410,3402,1),(1013,'2024-02-15 15:05:37.479000',3418,3410,1),(1014,'2024-02-15 15:06:17.835000',3426,3418,1),(1015,'2024-02-15 15:06:31.474000',3434,3426,1),(1016,'2024-02-15 15:12:46.508000',3442,3434,1),(1017,'2024-02-15 15:13:15.088000',3450,3442,1),(1018,'2024-02-15 15:13:26.835000',3458,3450,1),(1019,'2024-02-15 15:14:27.053000',3466,3458,1),(1020,'2024-02-15 15:15:07.214000',3474,3466,1),(1021,'2024-02-15 15:19:27.739000',3474,3474,1);
/*!40000 ALTER TABLE `sticker_log` ENABLE KEYS */;
UNLOCK TABLES;

--
-- Table structure for table `store`
--

DROP TABLE IF EXISTS `store`;
/*!40101 SET @saved_cs_client     = @@character_set_client */;
/*!50503 SET character_set_client = utf8mb4 */;
CREATE TABLE `store` (
  `item_id` bigint NOT NULL AUTO_INCREMENT,
  `category_name` enum('background','character','mask') NOT NULL,
  `description` varchar(255) DEFAULT NULL,
  `image_path` varchar(255) NOT NULL,
  `item_name` varchar(255) NOT NULL,
  `price` int NOT NULL,
  PRIMARY KEY (`item_id`)
) ENGINE=InnoDB AUTO_INCREMENT=30 DEFAULT CHARSET=utf8mb4 COLLATE=utf8mb4_0900_ai_ci;
/*!40101 SET character_set_client = @saved_cs_client */;

--
-- Dumping data for table `store`
--

LOCK TABLES `store` WRITE;
/*!40000 ALTER TABLE `store` DISABLE KEYS */;
INSERT INTO `store` VALUES (1,'background','기본배경입니다.','https://ssafy-easysignbucket.s3.ap-northeast-2.amazonaws.com/background/%EA%B8%B0%EB%B3%B8%EB%B0%B0%EA%B2%BD.png','기본배경',0),(2,'character','기본캐릭터입니다','https://ssafy-easysignbucket.s3.ap-northeast-2.amazonaws.com/character/%EA%B8%B0%EB%B3%B8%EC%BA%90%EB%A6%AD%ED%84%B0.png','기본캐릭터',0),(3,'mask','가면없음','','none',0),(6,'mask','곰가면입니다.','https://ssafy-easysignbucket.s3.ap-northeast-2.amazonaws.com/mask/bear.png','Bear',200),(7,'mask','고양이가면입니다.','https://ssafy-easysignbucket.s3.ap-northeast-2.amazonaws.com/mask/cat.png','Cat',200),(8,'mask','닭가면입니다.','https://ssafy-easysignbucket.s3.ap-northeast-2.amazonaws.com/mask/chicken.png','Chicken',200),(9,'mask','사슴가면입니다.','https://ssafy-easysignbucket.s3.ap-northeast-2.amazonaws.com/mask/deer.png','Deer',200),(10,'mask','강아지가면입니다.','https://ssafy-easysignbucket.s3.ap-northeast-2.amazonaws.com/mask/dog.png','Dog',200),(11,'mask','코끼리가면입니다.','https://ssafy-easysignbucket.s3.ap-northeast-2.amazonaws.com/mask/elephant.png','Elephant',200),(12,'mask','돼지가면입니다.','https://ssafy-easysignbucket.s3.ap-northeast-2.amazonaws.com/mask/pig.png','Pig',200),(13,'mask','토끼가면입니다.','https://ssafy-easysignbucket.s3.ap-northeast-2.amazonaws.com/mask/rabbit.png','Rabbit',200),(14,'character','귀여운 고양이 프로필입니다.','https://ssafy-easysignbucket.s3.ap-northeast-2.amazonaws.com/character/cat.png','고양이 프로필',100),(15,'character','귀여운 강아지 프로필입니다.','https://ssafy-easysignbucket.s3.ap-northeast-2.amazonaws.com/character/dog.png','강아지 프로필',100),(16,'character','귀여운 코끼리 프로필입니다.','https://ssafy-easysignbucket.s3.ap-northeast-2.amazonaws.com/character/elephant.png','코끼리 프로필',100),(17,'character','귀여운 여우 프로필입니다.','https://ssafy-easysignbucket.s3.ap-northeast-2.amazonaws.com/character/fox.png','여우 프로필',100),(18,'character','귀여운 고슴도치 프로필입니다.','https://ssafy-easysignbucket.s3.ap-northeast-2.amazonaws.com/character/hedgehog.png','고슴도치 프로필',100),(19,'character','귀여운 코알라 프로필입니다.','https://ssafy-easysignbucket.s3.ap-northeast-2.amazonaws.com/character/koalla.png','코알라 프로필',100),(20,'character','귀여운 판다 프로필입니다.','https://ssafy-easysignbucket.s3.ap-northeast-2.amazonaws.com/character/panda.png','판다 프로필',100),(21,'character','귀여운 펭귄 프로필입니다.','https://ssafy-easysignbucket.s3.ap-northeast-2.amazonaws.com/character/penguin.png','펭귄 프로필',100),(22,'character','귀여운 토끼 프로필입니다.','https://ssafy-easysignbucket.s3.ap-northeast-2.amazonaws.com/character/rabbit.png','토끼 프로필',100),(23,'background','따뜻한 느낌의 꽃밭 배경입니다.','https://ssafy-easysignbucket.s3.ap-northeast-2.amazonaws.com/background/%EA%BD%83%EB%B0%AD.jpg','꽃밭',50),(24,'background','어두컴컴한 밤 배경입니다.','https://ssafy-easysignbucket.s3.ap-northeast-2.amazonaws.com/background/%EB%B0%A4.jpg','밤',50),(25,'background','따스한 햇살이 내리는 부엌 배경입니다.','https://ssafy-easysignbucket.s3.ap-northeast-2.amazonaws.com/background/%EB%B6%80%EC%97%8C.png','부엌',50),(26,'background','포근한 솜사탕 배경입니다.','https://ssafy-easysignbucket.s3.ap-northeast-2.amazonaws.com/background/%EC%86%9C%EC%82%AC%ED%83%95.jpg','솜사탕',50),(27,'background','어두운 숲의 배경입니다.','https://ssafy-easysignbucket.s3.ap-northeast-2.amazonaws.com/background/%EC%88%B2.jpg','숲',50),(28,'background','실험실 배경입니다. 과학자가 될 수 있을 거 같습니다.','https://ssafy-easysignbucket.s3.ap-northeast-2.amazonaws.com/background/%EC%8B%A4%ED%97%98%EC%8B%A4.jpg','실험실',50),(29,'background','분홍색 구름이 가득합니다.','https://ssafy-easysignbucket.s3.ap-northeast-2.amazonaws.com/background/%ED%95%91%ED%81%AC%EA%B5%AC%EB%A6%84.png','핑크구름',50);
/*!40000 ALTER TABLE `store` ENABLE KEYS */;
UNLOCK TABLES;

--
-- Table structure for table `store_like`
--

DROP TABLE IF EXISTS `store_like`;
/*!40101 SET @saved_cs_client     = @@character_set_client */;
/*!50503 SET character_set_client = utf8mb4 */;
CREATE TABLE `store_like` (
  `user_id` bigint NOT NULL,
  `item_id` bigint NOT NULL,
  PRIMARY KEY (`item_id`,`user_id`),
  KEY `FKhubw7vayu9rooopsttsil5v6o` (`user_id`),
  CONSTRAINT `FK5nc20lmrg33hxk499j48jb3ln` FOREIGN KEY (`item_id`) REFERENCES `store` (`item_id`),
  CONSTRAINT `FKhubw7vayu9rooopsttsil5v6o` FOREIGN KEY (`user_id`) REFERENCES `user` (`user_id`)
) ENGINE=InnoDB DEFAULT CHARSET=utf8mb4 COLLATE=utf8mb4_0900_ai_ci;
/*!40101 SET character_set_client = @saved_cs_client */;

--
-- Dumping data for table `store_like`
--

LOCK TABLES `store_like` WRITE;
/*!40000 ALTER TABLE `store_like` DISABLE KEYS */;
/*!40000 ALTER TABLE `store_like` ENABLE KEYS */;
UNLOCK TABLES;

--
-- Table structure for table `user`
--

DROP TABLE IF EXISTS `user`;
/*!40101 SET @saved_cs_client     = @@character_set_client */;
/*!50503 SET character_set_client = utf8mb4 */;
CREATE TABLE `user` (
  `user_id` bigint NOT NULL AUTO_INCREMENT,
  `create_date` datetime(6) DEFAULT NULL,
  `deleted_at` datetime(6) DEFAULT NULL,
  `email` varchar(255) NOT NULL,
  `is_deleted` tinyint(1) NOT NULL DEFAULT '0',
  `login_id` varchar(255) NOT NULL,
  `name` varchar(255) NOT NULL,
  `password` varchar(255) NOT NULL,
  `provider` varchar(255) DEFAULT NULL,
  `provider_id` varchar(255) DEFAULT NULL,
  `sticker` int NOT NULL DEFAULT '0',
  `word_count` int NOT NULL DEFAULT '0',
  PRIMARY KEY (`user_id`),
  UNIQUE KEY `UK_6ntlp6n5ltjg6hhxl66jj5u0l` (`login_id`),
  UNIQUE KEY `UK_gj2fy3dcix7ph7k8684gka40c` (`name`)
) ENGINE=InnoDB AUTO_INCREMENT=7 DEFAULT CHARSET=utf8mb4 COLLATE=utf8mb4_0900_ai_ci;
/*!40101 SET character_set_client = @saved_cs_client */;

--
-- Dumping data for table `user`
--

LOCK TABLES `user` WRITE;
/*!40000 ALTER TABLE `user` DISABLE KEYS */;
INSERT INTO `user` VALUES (1,'2024-02-12 16:31:16.343482',NULL,'ssafy@test.com',0,'ssafy','김싸피','$2a$10$oW6VI8oGcfkxkwrOj9vMkeBO87YH0UYcL7VjqOi1JrVvyPTFxEzN2',NULL,NULL,3474,0),(4,'2024-02-13 09:09:56.181184','2024-02-13 03:03:32.000000','ssafy2@test.com',1,'ssafy2','김싸피2','$2a$10$Q/rbOb2PLFL9O80p4HIOAuTHgTbKu.UlZ9xZ207cs8qcolkCGv78K',NULL,NULL,400,0),(5,'2024-02-13 04:48:51.756150',NULL,'ssafy3@test.com',0,'ssafy3','김싸피3','$2a$10$FRxR6YeqoF9yfjI8tAMRF.svC1b.i10sY7M3k7gPQScjDesblDf0K',NULL,NULL,0,0),(6,'2024-02-14 03:02:45.283977',NULL,'kms278711@naver.com',0,'ssafytest','김민석','$2a$10$vA0zUVVD3Fi.gzf6lD/XSeq4XCtPAS4c.T0heRrmnWW1idIrXn2GK',NULL,NULL,0,0);
/*!40000 ALTER TABLE `user` ENABLE KEYS */;
UNLOCK TABLES;

--
-- Table structure for table `user_item`
--

DROP TABLE IF EXISTS `user_item`;
/*!40101 SET @saved_cs_client     = @@character_set_client */;
/*!50503 SET character_set_client = utf8mb4 */;
CREATE TABLE `user_item` (
  `is_use` tinyint(1) DEFAULT '0',
  `user_id` bigint NOT NULL,
  `item_id` bigint NOT NULL,
  PRIMARY KEY (`item_id`,`user_id`),
  KEY `FKpgamngac3kq2ye6cg611lfrfm` (`user_id`),
  CONSTRAINT `FKgmwgrcjj22kyq89ye39i2s4hs` FOREIGN KEY (`item_id`) REFERENCES `store` (`item_id`),
  CONSTRAINT `FKpgamngac3kq2ye6cg611lfrfm` FOREIGN KEY (`user_id`) REFERENCES `user` (`user_id`)
) ENGINE=InnoDB DEFAULT CHARSET=utf8mb4 COLLATE=utf8mb4_0900_ai_ci;
/*!40101 SET character_set_client = @saved_cs_client */;

--
-- Dumping data for table `user_item`
--

LOCK TABLES `user_item` WRITE;
/*!40000 ALTER TABLE `user_item` DISABLE KEYS */;
INSERT INTO `user_item` VALUES (0,1,1),(1,5,1),(1,6,1),(0,1,2),(1,5,2),(1,6,2),(0,1,3),(1,5,3),(0,1,6),(0,1,7),(0,1,8),(1,1,9),(0,1,10),(0,1,11),(0,1,12),(0,1,13),(1,6,13),(1,1,14),(0,1,15),(0,1,16),(0,1,17),(0,1,18),(0,1,19),(0,1,20),(0,1,21),(0,1,22),(1,1,23),(0,1,24),(0,1,25),(0,1,26),(0,1,27),(0,1,28),(0,1,29);
/*!40000 ALTER TABLE `user_item` ENABLE KEYS */;
UNLOCK TABLES;

--
-- Table structure for table `user_progress`
--

DROP TABLE IF EXISTS `user_progress`;
/*!40101 SET @saved_cs_client     = @@character_set_client */;
/*!50503 SET character_set_client = utf8mb4 */;
CREATE TABLE `user_progress` (
  `user_id` bigint NOT NULL,
  `sign_id` bigint NOT NULL,
  PRIMARY KEY (`sign_id`,`user_id`),
  KEY `FKdpcn9k9uoj0uh6eenim54gvng` (`user_id`),
  CONSTRAINT `FKdpcn9k9uoj0uh6eenim54gvng` FOREIGN KEY (`user_id`) REFERENCES `user` (`user_id`),
  CONSTRAINT `FKeawx5n5lvi43wmb9tcyxhyvob` FOREIGN KEY (`sign_id`) REFERENCES `sign_info` (`sign_id`)
) ENGINE=InnoDB DEFAULT CHARSET=utf8mb4 COLLATE=utf8mb4_0900_ai_ci;
/*!40101 SET character_set_client = @saved_cs_client */;

--
-- Dumping data for table `user_progress`
--

LOCK TABLES `user_progress` WRITE;
/*!40000 ALTER TABLE `user_progress` DISABLE KEYS */;
INSERT INTO `user_progress` VALUES (1,1),(1,2),(1,3),(1,4),(1,5),(1,6),(1,7),(1,8),(1,9),(1,10),(1,11),(1,12),(1,13),(1,14),(1,15),(1,16),(1,17),(1,19),(1,20),(1,21),(1,22),(1,23),(1,24),(1,25),(1,26),(1,28),(1,29),(1,30),(1,31),(1,32),(1,33),(1,34),(1,35),(1,36),(1,37),(1,38),(1,39),(1,40),(1,41),(1,42),(1,43),(1,44),(1,45),(1,46),(1,47),(1,48),(1,49),(1,50);
/*!40000 ALTER TABLE `user_progress` ENABLE KEYS */;
UNLOCK TABLES;
/*!40103 SET TIME_ZONE=@OLD_TIME_ZONE */;

/*!40101 SET SQL_MODE=@OLD_SQL_MODE */;
/*!40014 SET FOREIGN_KEY_CHECKS=@OLD_FOREIGN_KEY_CHECKS */;
/*!40014 SET UNIQUE_CHECKS=@OLD_UNIQUE_CHECKS */;
/*!40101 SET CHARACTER_SET_CLIENT=@OLD_CHARACTER_SET_CLIENT */;
/*!40101 SET CHARACTER_SET_RESULTS=@OLD_CHARACTER_SET_RESULTS */;
/*!40101 SET COLLATION_CONNECTION=@OLD_COLLATION_CONNECTION */;
/*!40111 SET SQL_NOTES=@OLD_SQL_NOTES */;

-- Dump completed on 2024-02-16  0:22:02
